Date,CLOSE_y
2015-01-02,70.25
2015-01-03,70.25
2015-01-04,69.41
2015-01-05,71.19
2015-01-06,70.5
2015-01-07,70.19
2015-01-08,69.28
2015-01-09,69.28
2015-01-10,69.28
2015-01-11,67.81
2015-01-12,67.53
2015-01-13,66.91
2015-01-14,68.16
2015-01-15,68.03
2015-01-16,68.03
2015-01-17,68.03
2015-01-18,67.89
2015-01-19,67.28
2015-01-20,65.97
2015-01-21,65.67
2015-01-22,64.05
2015-01-23,64.05
2015-01-24,64.05
2015-01-25,62.04
2015-01-26,62.84
2015-01-27,62.46
2015-01-28,63.16
2015-01-29,61.88
2015-01-30,61.88
2015-01-31,61.88
2015-02-01,61.44
2015-02-02,62.8
2015-02-03,62.67
2015-02-04,61.53
2015-02-05,62.17
2015-02-06,62.17
2015-02-07,62.17
2015-02-08,61.42
2015-02-09,62.5
2015-02-10,62.94
2015-02-11,63.19
2015-02-12,64.19
2015-02-13,64.19
2015-02-14,64.19
2015-02-15,64.75
2015-02-16,64.04
2015-02-17,63.25
2015-02-18,63.25
2015-02-19,63.37
2015-02-20,63.37
2015-02-21,63.37
2015-02-22,62.75
2015-02-23,63.12
2015-02-24,62.4
2015-02-25,63.33
2015-02-26,62.75
2015-02-27,62.75
2015-02-28,62.75
2015-03-01,61.66
2015-03-02,61.66
2015-03-03,59.86
2015-03-04,58.67
2015-03-05,56.46
2015-03-06,56.46
2015-03-07,56.46
2015-03-08,57.56
2015-03-09,56.51
2015-03-10,56.91
2015-03-11,57.91
2015-03-12,56.75
2015-03-13,56.75
2015-03-14,56.75
2015-03-15,57.54
2015-03-16,56.84
2015-03-17,53.88
2015-03-18,54.29
2015-03-19,52.88
2015-03-20,52.88
2015-03-21,52.88
2015-03-22,51.0
2015-03-23,55.92
2015-03-24,54.34
2015-03-25,53.88
2015-03-26,52.71
2015-03-27,52.71
2015-03-28,52.71
2015-03-29,52.21
2015-03-30,51.08
2015-03-31,46.75
2015-04-01,46.63
2015-04-02,46.69
2015-04-03,46.69
2015-04-04,46.69
2015-04-05,46.75
2015-04-06,47.55
2015-04-07,48.16
2015-04-08,46.54
2015-04-09,46.44
2015-04-10,46.44
2015-04-11,46.44
2015-04-12,48.62
2015-04-13,50.02
2015-04-14,48.75
2015-04-15,49.92
2015-04-16,50.81
2015-04-17,50.81
2015-04-18,50.81
2015-04-19,50.0
2015-04-20,50.04
2015-04-21,52.42
2015-04-22,52.81
2015-04-23,57.05
2015-04-24,57.05
2015-04-25,57.05
2015-04-26,59.0
2015-04-27,57.0
2015-04-28,54.97
2015-04-29,54.67
2015-04-30,53.25
2015-05-01,53.25
2015-05-02,53.25
2015-05-03,55.42
2015-05-04,56.37
2015-05-05,58.37
2015-05-06,57.0
2015-05-07,58.0
2015-05-08,58.0
2015-05-09,58.0
2015-05-10,59.04
2015-05-11,57.96
2015-05-12,57.19
2015-05-13,55.75
2015-05-14,56.37
2015-05-15,56.37
2015-05-16,56.37
2015-05-17,56.13
2015-05-18,54.66
2015-05-19,53.83
2015-05-20,55.71
2015-05-21,56.37
2015-05-22,56.37
2015-05-23,56.37
2015-05-24,57.75
2015-05-25,58.83
2015-05-26,58.54
2015-05-27,58.33
2015-05-28,59.37
2015-05-29,59.37
2015-05-30,59.37
2015-05-31,58.06
2015-06-01,59.75
2015-06-02,58.88
2015-06-03,59.31
2015-06-04,58.78
2015-06-05,58.78
2015-06-06,58.78
2015-06-07,58.25
2015-06-08,58.87
2015-06-09,61.31
2015-06-10,63.0
2015-06-11,60.75
2015-06-12,60.75
2015-06-13,60.75
2015-06-14,59.53
2015-06-15,57.25
2015-06-16,56.38
2015-06-17,57.58
2015-06-18,57.87
2015-06-19,57.87
2015-06-20,57.87
2015-06-21,57.06
2015-06-22,58.19
2015-06-23,59.5
2015-06-24,58.71
2015-06-25,58.5
2015-06-26,58.5
2015-06-27,58.5
2015-06-28,56.96
2015-06-29,55.14
2015-06-30,52.25
2015-07-01,51.04
2015-07-02,50.42
2015-07-03,50.42
2015-07-04,50.42
2015-07-05,47.37
2015-07-06,46.0
2015-07-07,43.38
2015-07-08,47.08
2015-07-09,48.0
2015-07-10,48.0
2015-07-11,48.0
2015-07-12,47.83
2015-07-13,48.17
2015-07-14,47.58
2015-07-15,47.0
2015-07-16,47.75
2015-07-17,47.75
2015-07-18,47.75
2015-07-19,50.67
2015-07-20,50.33
2015-07-21,48.54
2015-07-22,48.92
2015-07-23,49.0
2015-07-24,49.0
2015-07-25,49.0
2015-07-26,50.04
2015-07-27,50.97
2015-07-28,53.5
2015-07-29,52.42
2015-07-30,53.12
2015-07-31,53.12
2015-08-01,53.12
2015-08-02,51.0
2015-08-03,51.06
2015-08-04,52.87
2015-08-05,52.55
2015-08-06,51.5
2015-08-07,51.5
2015-08-08,51.5
2015-08-09,51.37
2015-08-10,51.16
2015-08-11,51.44
2015-08-12,52.75
2015-08-13,53.0
2015-08-14,53.0
2015-08-15,53.0
2015-08-16,52.0
2015-08-17,52.77
2015-08-18,52.11
2015-08-19,52.63
2015-08-20,53.2
2015-08-21,53.2
2015-08-22,53.2
2015-08-23,49.75
2015-08-24,50.92
2015-08-25,49.81
2015-08-26,51.55
2015-08-27,53.75
2015-08-28,53.75
2015-08-29,53.75
2015-08-30,54.01
2015-08-31,52.5
2015-09-01,52.31
2015-09-02,52.81
2015-09-03,52.94
2015-09-04,52.94
2015-09-05,52.94
2015-09-06,52.04
2015-09-07,52.67
2015-09-08,54.53
2015-09-09,56.58
2015-09-10,55.56
2015-09-11,55.56
2015-09-12,55.56
2015-09-13,54.18
2015-09-14,52.91
2015-09-15,53.74
2015-09-16,53.85
2015-09-17,53.96
2015-09-18,53.96
2015-09-19,53.96
2015-09-20,54.56
2015-09-21,53.5
2015-09-22,54.17
2015-09-23,53.78
2015-09-24,54.17
2015-09-25,54.17
2015-09-26,54.17
2015-09-27,52.67
2015-09-28,52.29
2015-09-29,52.37
2015-09-30,49.7
2015-10-01,49.65
2015-10-02,49.65
2015-10-03,49.65
2015-10-04,50.37
2015-10-05,50.79
2015-10-06,50.79
2015-10-07,50.92
2015-10-08,52.32
2015-10-09,52.32
2015-10-10,52.32
2015-10-11,51.58
2015-10-12,50.67
2015-10-13,50.52
2015-10-14,50.0
2015-10-15,49.0
2015-10-16,49.0
2015-10-17,49.0
2015-10-18,49.5
2015-10-19,49.81
2015-10-20,48.98
2015-10-21,48.5
2015-10-22,48.75
2015-10-23,48.75
2015-10-24,48.75
2015-10-25,48.44
2015-10-26,48.5
2015-10-27,47.36
2015-10-28,47.19
2015-10-29,48.25
2015-10-30,48.25
2015-10-31,48.25
2015-11-01,45.43
2015-11-02,44.3
2015-11-03,45.31
2015-11-04,44.33
2015-11-05,44.67
2015-11-06,44.67
2015-11-07,44.67
2015-11-08,45.76
2015-11-09,45.46
2015-11-10,45.53
2015-11-11,45.23
2015-11-12,45.37
2015-11-13,45.37
2015-11-14,45.37
2015-11-15,45.25
2015-11-16,44.4
2015-11-17,43.68
2015-11-18,42.84
2015-11-19,43.44
2015-11-20,43.44
2015-11-21,43.44
2015-11-22,37.0
2015-11-23,42.47
2015-11-24,42.35
2015-11-25,42.66
2015-11-26,42.05
2015-11-27,42.05
2015-11-28,42.05
2015-11-29,40.88
2015-11-30,39.43
2015-12-01,37.39
2015-12-02,36.83
2015-12-03,36.69
2015-12-04,36.69
2015-12-05,36.69
2015-12-06,37.22
2015-12-07,36.98
2015-12-08,36.91
2015-12-09,36.13
2015-12-10,36.43
2015-12-11,36.43
2015-12-12,36.43
2015-12-13,37.19
2015-12-14,36.96
2015-12-15,38.0
2015-12-16,38.47
2015-12-17,39.45
2015-12-18,39.45
2015-12-19,39.45
2015-12-20,39.98
2015-12-21,39.43
2015-12-22,38.83
2015-12-23,39.01
2015-12-24,39.105000000000004
2015-12-25,39.105000000000004
2015-12-26,39.105000000000004
2015-12-27,39.2
2015-12-28,41.92
2015-12-29,42.3
2015-12-30,42.37
2015-12-31,41.155
2016-01-01,41.155
2016-01-02,41.155
2016-01-03,39.94
2016-01-04,39.55
2016-01-05,38.68
2016-01-06,38.62
2016-01-07,38.02
2016-01-08,38.02
2016-01-09,38.02
2016-01-10,37.35
2016-01-11,36.8
2016-01-12,37.67
2016-01-13,38.73
2016-01-14,39.16
2016-01-15,39.16
2016-01-16,39.16
2016-01-17,41.5
2016-01-18,41.08
2016-01-19,39.45
2016-01-20,38.9
2016-01-21,40.05
2016-01-22,40.05
2016-01-23,40.05
2016-01-24,39.53
2016-01-25,40.42
2016-01-26,41.73
2016-01-27,40.88
2016-01-28,42.0
2016-01-29,42.0
2016-01-30,42.0
2016-01-31,41.76
2016-02-01,42.47
2016-02-02,43.07
2016-02-03,43.71
2016-02-04,43.24
2016-02-05,43.24
2016-02-06,43.24
2016-02-07,43.03
2016-02-08,42.88
2016-02-09,42.19
2016-02-10,41.64
2016-02-11,41.66
2016-02-12,41.66
2016-02-13,41.66
2016-02-14,44.75
2016-02-15,44.27
2016-02-16,44.47
2016-02-17,45.35
2016-02-18,46.18
2016-02-19,46.18
2016-02-20,46.18
2016-02-21,49.2
2016-02-22,48.23
2016-02-23,47.02
2016-02-24,46.97
2016-02-25,46.65
2016-02-26,46.65
2016-02-27,46.65
2016-02-28,48.23
2016-02-29,47.68
2016-03-01,49.99
2016-03-02,48.75
2016-03-03,51.06
2016-03-04,51.06
2016-03-05,51.06
2016-03-06,60.37
2016-03-07,54.92
2016-03-08,53.71
2016-03-09,52.65
2016-03-10,51.4
2016-03-11,51.4
2016-03-12,51.4
2016-03-13,50.78
2016-03-14,49.05
2016-03-15,51.75
2016-03-16,53.45
2016-03-17,55.07
2016-03-18,55.07
2016-03-19,55.07
2016-03-20,55.43
2016-03-21,55.0
2016-03-22,54.67
2016-03-23,51.67
2016-03-24,51.835
2016-03-25,51.835
2016-03-26,51.835
2016-03-27,52.0
2016-03-28,52.0
2016-03-29,51.77
2016-03-30,52.12
2016-03-31,51.8
2016-04-01,51.8
2016-04-02,51.8
2016-04-03,52.05
2016-04-04,51.18
2016-04-05,50.85
2016-04-06,51.37
2016-04-07,51.12
2016-04-08,51.12
2016-04-09,51.12
2016-04-10,53.87
2016-04-11,57.25
2016-04-12,57.6
2016-04-13,55.9
2016-04-14,55.45
2016-04-15,55.45
2016-04-16,55.45
2016-04-17,58.27
2016-04-18,59.57
2016-04-19,62.78
2016-04-20,65.75
2016-04-21,61.65
2016-04-22,61.65
2016-04-23,61.65
2016-04-24,61.8
2016-04-25,59.53
2016-04-26,59.0
2016-04-27,61.92
2016-04-28,64.02
2016-04-29,64.02
2016-04-30,64.02
2016-05-01,61.285
2016-05-02,58.55
2016-05-03,56.77
2016-05-04,55.62
2016-05-05,55.58
2016-05-06,55.58
2016-05-07,55.58
2016-05-08,51.0
2016-05-09,51.8
2016-05-10,52.2
2016-05-11,50.42
2016-05-12,49.23
2016-05-13,49.23
2016-05-14,49.23
2016-05-15,50.5
2016-05-16,52.27
2016-05-17,51.19
2016-05-18,50.36
2016-05-19,50.94
2016-05-20,50.94
2016-05-21,50.94
2016-05-22,47.8
2016-05-23,48.4
2016-05-24,47.03
2016-05-25,47.5
2016-05-26,49.0
2016-05-27,49.0
2016-05-28,49.0
2016-05-29,47.75
2016-05-30,47.3
2016-05-31,44.47
2016-06-01,44.92
2016-06-02,45.18
2016-06-03,45.18
2016-06-04,45.18
2016-06-05,47.87
2016-06-06,48.42
2016-06-07,48.28
2016-06-08,48.64
2016-06-09,48.8
2016-06-10,48.8
2016-06-11,48.8
2016-06-12,49.17
2016-06-13,47.07
2016-06-14,47.3
2016-06-15,47.59
2016-06-16,48.33
2016-06-17,48.33
2016-06-18,48.33
2016-06-19,48.03
2016-06-20,48.42
2016-06-21,50.22
2016-06-22,49.88
2016-06-23,49.5
2016-06-24,49.5
2016-06-25,49.5
2016-06-26,52.18
2016-06-27,52.5
2016-06-28,51.63
2016-06-29,53.17
2016-06-30,50.95
2016-07-01,50.95
2016-07-02,50.95
2016-07-03,53.6
2016-07-04,52.88
2016-07-05,50.75
2016-07-06,51.95
2016-07-07,52.54
2016-07-08,52.54
2016-07-09,52.54
2016-07-10,52.62
2016-07-11,54.77
2016-07-12,55.42
2016-07-13,54.18
2016-07-14,55.32
2016-07-15,55.32
2016-07-16,55.32
2016-07-17,52.82
2016-07-18,52.44
2016-07-19,52.97
2016-07-20,55.02
2016-07-21,53.55
2016-07-22,53.55
2016-07-23,53.55
2016-07-24,54.67
2016-07-25,55.83
2016-07-26,58.07
2016-07-27,59.37
2016-07-28,57.18
2016-07-29,57.18
2016-07-30,57.18
2016-07-31,58.2
2016-08-01,58.3
2016-08-02,57.8
2016-08-03,56.87
2016-08-04,59.26
2016-08-05,59.26
2016-08-06,59.26
2016-08-07,60.42
2016-08-08,59.46
2016-08-09,58.73
2016-08-10,58.16
2016-08-11,58.17
2016-08-12,58.17
2016-08-13,58.17
2016-08-14,57.65
2016-08-15,59.47
2016-08-16,58.0
2016-08-17,58.72
2016-08-18,59.48
2016-08-19,59.48
2016-08-20,59.48
2016-08-21,59.61
2016-08-22,60.9
2016-08-23,60.8
2016-08-24,59.48
2016-08-25,58.5
2016-08-26,58.5
2016-08-27,58.5
2016-08-28,57.85
2016-08-29,57.54
2016-08-30,57.13
2016-08-31,56.0
2016-09-01,55.88
2016-09-02,55.88
2016-09-03,55.88
2016-09-04,55.95
2016-09-05,56.3
2016-09-06,54.95
2016-09-07,54.98
2016-09-08,55.04
2016-09-09,55.04
2016-09-10,55.04
2016-09-11,53.93
2016-09-12,53.66
2016-09-13,53.56
2016-09-14,53.46
2016-09-15,53.36
2016-09-16,53.36
2016-09-17,53.36
2016-09-18,53.13
2016-09-19,54.12
2016-09-20,54.2
2016-09-21,55.6
2016-09-22,55.85
2016-09-23,55.85
2016-09-24,55.85
2016-09-25,55.65
2016-09-26,55.08
2016-09-27,55.4
2016-09-28,55.7
2016-09-29,54.99
2016-09-30,54.99
2016-10-01,54.99
2016-10-02,53.17
2016-10-03,53.29
2016-10-04,53.24
2016-10-05,53.16
2016-10-06,53.0
2016-10-07,53.0
2016-10-08,53.0
2016-10-09,54.37
2016-10-10,55.05
2016-10-11,55.05
2016-10-12,55.02
2016-10-13,55.92
2016-10-14,55.92
2016-10-15,55.92
2016-10-16,56.54
2016-10-17,56.36
2016-10-18,56.65
2016-10-19,57.21
2016-10-20,57.08
2016-10-21,57.08
2016-10-22,57.08
2016-10-23,57.62
2016-10-24,60.45
2016-10-25,60.04
2016-10-26,59.9
2016-10-27,61.67
2016-10-28,61.67
2016-10-29,61.67
2016-10-30,62.89
2016-10-31,62.22
2016-11-01,60.89
2016-11-02,62.28
2016-11-03,62.04
2016-11-04,62.04
2016-11-05,62.04
2016-11-06,65.21
2016-11-07,64.78
2016-11-08,69.56
2016-11-09,71.74
2016-11-10,78.57
2016-11-11,78.57
2016-11-12,78.57
2016-11-13,75.63
2016-11-14,68.5
2016-11-15,69.37
2016-11-16,68.98
2016-11-17,66.8
2016-11-18,66.8
2016-11-19,66.8
2016-11-20,65.79
2016-11-21,70.89
2016-11-22,72.14
2016-11-23,74.23
2016-11-24,76.51
2016-11-25,76.51
2016-11-26,76.51
2016-11-27,77.39
2016-11-28,72.13
2016-11-29,69.63
2016-11-30,74.17
2016-12-01,72.78
2016-12-02,72.78
2016-12-03,72.78
2016-12-04,74.61
2016-12-05,74.67
2016-12-06,77.71
2016-12-07,77.56
2016-12-08,76.74
2016-12-09,76.74
2016-12-10,76.74
2016-12-11,78.97
2016-12-12,78.99
2016-12-13,76.75
2016-12-14,78.57
2016-12-15,77.13
2016-12-16,77.13
2016-12-17,77.13
2016-12-18,74.43
2016-12-19,75.25
2016-12-20,76.2
2016-12-21,73.5
2016-12-22,74.12
2016-12-23,74.12
2016-12-24,74.12
2016-12-25,74.71000000000001
2016-12-26,75.3
2016-12-27,76.48
2016-12-28,77.37
2016-12-29,75.3
2016-12-30,75.3
2016-12-31,75.3
2017-01-01,73.19999999999999
2017-01-02,71.1
2017-01-03,71.2
2017-01-04,72.92
2017-01-05,71.88
2017-01-06,71.88
2017-01-07,71.88
2017-01-08,74.0
2017-01-09,76.57
2017-01-10,76.91
2017-01-11,77.28
2017-01-12,77.17
2017-01-13,77.17
2017-01-14,77.17
2017-01-15,81.39
2017-01-16,79.48
2017-01-17,79.4
2017-01-18,78.95
2017-01-19,77.75
2017-01-20,77.75
2017-01-21,77.75
2017-01-22,78.23
2017-01-23,80.92
2017-01-24,81.32
2017-01-25,82.46
2017-01-26,82.4
2017-01-27,82.4
2017-01-28,82.4
2017-01-29,82.4
2017-01-30,82.31
2017-01-31,82.17
2017-02-01,82.97
2017-02-02,77.97
2017-02-03,77.97
2017-02-04,77.97
2017-02-05,76.75
2017-02-06,79.42
2017-02-07,80.54
2017-02-08,80.52
2017-02-09,84.39
2017-02-10,84.39
2017-02-11,84.39
2017-02-12,88.56
2017-02-13,87.75
2017-02-14,86.78
2017-02-15,85.63
2017-02-16,87.5
2017-02-17,87.5
2017-02-18,87.5
2017-02-19,88.85
2017-02-20,90.65
2017-02-21,89.09
2017-02-22,87.36
2017-02-23,87.07
2017-02-24,87.07
2017-02-25,87.07
2017-02-26,88.93
2017-02-27,86.71
2017-02-28,85.54
2017-03-01,85.93
2017-03-02,84.24
2017-03-03,84.24
2017-03-04,84.24
2017-03-05,81.73
2017-03-06,81.58
2017-03-07,81.53
2017-03-08,81.13
2017-03-09,81.27
2017-03-10,81.27
2017-03-11,81.27
2017-03-12,84.59
2017-03-13,84.95
2017-03-14,88.37
2017-03-15,89.16
2017-03-16,87.85
2017-03-17,87.85
2017-03-18,87.85
2017-03-19,87.43
2017-03-20,84.18
2017-03-21,82.26
2017-03-22,83.13
2017-03-23,82.33
2017-03-24,82.33
2017-03-25,82.33
2017-03-26,78.78
2017-03-27,78.45
2017-03-28,81.2
2017-03-29,79.61
2017-03-30,79.0
2017-03-31,79.0
2017-04-01,79.0
2017-04-02,75.96
2017-04-03,77.03
2017-04-04,77.48
2017-04-05,75.96
2017-04-06,73.33
2017-04-07,73.33
2017-04-08,73.33
2017-04-09,71.09
2017-04-10,70.2
2017-04-11,66.18
2017-04-12,66.3
2017-04-13,65.065
2017-04-14,65.065
2017-04-15,65.065
2017-04-16,63.83
2017-04-17,60.33
2017-04-18,63.61
2017-04-19,64.41
2017-04-20,67.1
2017-04-21,67.1
2017-04-22,67.1
2017-04-23,66.35
2017-04-24,65.97
2017-04-25,65.75
2017-04-26,66.27
2017-04-27,68.02
2017-04-28,68.02
2017-04-29,68.02
2017-04-30,67.83
2017-05-01,67.64
2017-05-02,66.43
2017-05-03,61.55
2017-05-04,60.97
2017-05-05,60.97
2017-05-06,60.97
2017-05-07,59.83
2017-05-08,59.95
2017-05-09,61.75
2017-05-10,61.05
2017-05-11,59.94
2017-05-12,59.94
2017-05-13,59.94
2017-05-14,59.94
2017-05-15,60.3
2017-05-16,62.36
2017-05-17,60.48
2017-05-18,62.34
2017-05-19,62.34
2017-05-20,62.34
2017-05-21,62.97
2017-05-22,61.74
2017-05-23,59.38
2017-05-24,58.5
2017-05-25,58.0
2017-05-26,58.0
2017-05-27,58.0
2017-05-28,58.0
2017-05-29,57.76
2017-05-30,55.53
2017-05-31,54.64
2017-06-01,55.18
2017-06-02,55.18
2017-06-03,55.18
2017-06-04,54.78
2017-06-05,54.81
2017-06-06,54.57
2017-06-07,53.88
2017-06-08,53.57
2017-06-09,53.57
2017-06-10,53.57
2017-06-11,54.35
2017-06-12,52.94
2017-06-13,53.9
2017-06-14,53.9
2017-06-15,54.89
2017-06-16,54.89
2017-06-17,54.89
2017-06-18,55.93
2017-06-19,55.79
2017-06-20,55.53
2017-06-21,55.32
2017-06-22,55.62
2017-06-23,55.62
2017-06-24,55.62
2017-06-25,56.4
2017-06-26,59.57
2017-06-27,61.85
2017-06-28,63.03
2017-06-29,63.01
2017-06-30,63.01
2017-07-01,63.01
2017-07-02,63.54
2017-07-03,61.56
2017-07-04,62.13
2017-07-05,61.14
2017-07-06,62.64
2017-07-07,62.64
2017-07-08,62.64
2017-07-09,62.9
2017-07-10,64.13
2017-07-11,64.03
2017-07-12,64.69
2017-07-13,64.21
2017-07-14,64.21
2017-07-15,64.21
2017-07-16,65.76
2017-07-17,67.45
2017-07-18,68.64
2017-07-19,66.27
2017-07-20,66.75
2017-07-21,66.75
2017-07-22,66.75
2017-07-23,66.2
2017-07-24,67.79
2017-07-25,67.5
2017-07-26,68.04
2017-07-27,68.1
2017-07-28,68.1
2017-07-29,68.1
2017-07-30,72.23
2017-07-31,71.33
2017-08-01,70.9
2017-08-02,71.49
2017-08-03,72.56
2017-08-04,72.56
2017-08-05,72.56
2017-08-06,75.09
2017-08-07,73.75
2017-08-08,74.98
2017-08-09,74.83
2017-08-10,71.96
2017-08-11,71.96
2017-08-12,71.96
2017-08-13,70.65
2017-08-14,70.28
2017-08-15,70.45
2017-08-16,73.8
2017-08-17,74.74
2017-08-18,74.74
2017-08-19,74.74
2017-08-20,76.33
2017-08-21,76.42
2017-08-22,74.46
2017-08-23,75.48
2017-08-24,75.97
2017-08-25,75.97
2017-08-26,75.97
2017-08-27,75.03
2017-08-28,73.93
2017-08-29,74.16
2017-08-30,76.0
2017-08-31,76.12
2017-09-01,76.12
2017-09-02,76.12
2017-09-03,75.54
2017-09-04,76.43
2017-09-05,74.78
2017-09-06,73.38
2017-09-07,72.4
2017-09-08,72.4
2017-09-09,72.4
2017-09-10,72.49
2017-09-11,73.34
2017-09-12,72.86
2017-09-13,70.6
2017-09-14,69.29
2017-09-15,69.29
2017-09-16,69.29
2017-09-17,69.62
2017-09-18,66.57
2017-09-19,67.02
2017-09-20,62.81
2017-09-21,62.99
2017-09-22,62.99
2017-09-23,62.99
2017-09-24,63.45
2017-09-25,64.16
2017-09-26,64.23
2017-09-27,62.46
2017-09-28,62.57
2017-09-29,62.57
2017-09-30,62.57
2017-10-01,61.74
2017-10-02,61.92
2017-10-03,62.3
2017-10-04,62.97
2017-10-05,63.07
2017-10-06,63.07
2017-10-07,63.07
2017-10-08,60.45
2017-10-09,58.43
2017-10-10,58.12
2017-10-11,58.56
2017-10-12,61.68
2017-10-13,61.68
2017-10-14,61.68
2017-10-15,62.95
2017-10-16,61.59
2017-10-17,61.67
2017-10-18,60.01
2017-10-19,61.69
2017-10-20,61.69
2017-10-21,61.69
2017-10-22,61.68
2017-10-23,62.59
2017-10-24,62.03
2017-10-25,61.47
2017-10-26,58.4
2017-10-27,58.4
2017-10-28,58.4
2017-10-29,58.01
2017-10-30,58.61
2017-10-31,58.5
2017-11-01,59.6
2017-11-02,59.76
2017-11-03,59.76
2017-11-04,59.76
2017-11-05,62.77
2017-11-06,62.11
2017-11-07,62.0
2017-11-08,62.0
2017-11-09,62.17
2017-11-10,62.17
2017-11-11,62.17
2017-11-12,62.45
2017-11-13,62.54
2017-11-14,61.0
2017-11-15,61.6
2017-11-16,61.71
2017-11-17,61.71
2017-11-18,61.71
2017-11-19,62.73
2017-11-20,63.51
2017-11-21,65.32
2017-11-22,66.17
2017-11-23,67.18
2017-11-24,67.18
2017-11-25,67.18
2017-11-26,67.25
2017-11-27,66.7
2017-11-28,67.16
2017-11-29,68.19
2017-11-30,69.31
2017-12-01,69.31
2017-12-02,69.31
2017-12-03,71.29
2017-12-04,69.74
2017-12-05,67.21
2017-12-06,65.72
2017-12-07,67.69
2017-12-08,67.69
2017-12-09,67.69
2017-12-10,67.61
2017-12-11,68.07
2017-12-12,68.95
2017-12-13,68.11
2017-12-14,69.25
2017-12-15,69.25
2017-12-16,69.25
2017-12-17,72.21
2017-12-18,71.58
2017-12-19,71.47
2017-12-20,72.01
2017-12-21,72.85
2017-12-22,72.85
2017-12-23,72.85
2017-12-24,72.27
2017-12-25,71.69
2017-12-26,71.0
2017-12-27,71.46
2017-12-28,72.42
2017-12-29,72.42
2017-12-30,72.42
2017-12-31,72.84
2018-01-01,73.26
2018-01-02,72.63
2018-01-03,73.79
2018-01-04,74.22
2018-01-05,74.22
2018-01-06,74.22
2018-01-07,75.93
2018-01-08,76.99
2018-01-09,76.6
2018-01-10,76.98
2018-01-11,75.64
2018-01-12,75.64
2018-01-13,75.64
2018-01-14,74.69
2018-01-15,73.34
2018-01-16,72.72
2018-01-17,73.3
2018-01-18,74.85
2018-01-19,74.85
2018-01-20,74.85
2018-01-21,74.49
2018-01-22,72.18
2018-01-23,72.57
2018-01-24,73.82
2018-01-25,73.2
2018-01-26,73.2
2018-01-27,73.2
2018-01-28,72.64
2018-01-29,72.47
2018-01-30,71.98
2018-01-31,71.61
2018-02-01,72.5
2018-02-02,72.5
2018-02-03,72.5
2018-02-04,73.97
2018-02-05,74.16
2018-02-06,74.77
2018-02-07,75.05
2018-02-08,74.93
2018-02-09,74.93
2018-02-10,74.93
2018-02-11,74.8
2018-02-12,75.86
2018-02-13,76.71
2018-02-14,77.0
2018-02-15,77.09
2018-02-16,77.09
2018-02-17,77.09
2018-02-18,77.19
2018-02-19,77.41
2018-02-20,77.59
2018-02-21,77.21
2018-02-22,78.0
2018-02-23,78.0
2018-02-24,78.0
2018-02-25,78.67
2018-02-26,78.61
2018-02-27,78.03
2018-02-28,77.28
2018-03-01,75.9
2018-03-02,75.9
2018-03-03,75.9
2018-03-04,73.16
2018-03-05,73.55
2018-03-06,72.4
2018-03-07,70.06
2018-03-08,69.2
2018-03-09,69.2
2018-03-10,69.2
2018-03-11,68.26
2018-03-12,68.42
2018-03-13,69.95
2018-03-14,70.1
2018-03-15,68.32
2018-03-16,68.32
2018-03-17,68.32
2018-03-18,65.83
2018-03-19,65.7
2018-03-20,66.29
2018-03-21,67.3
2018-03-22,63.7
2018-03-23,63.7
2018-03-24,63.7
2018-03-25,62.59
2018-03-26,63.29
2018-03-27,63.08
2018-03-28,64.54
2018-03-29,64.905
2018-03-30,64.905
2018-03-31,64.905
2018-04-01,65.27
2018-04-02,63.93
2018-04-03,62.24
2018-04-04,62.34
2018-04-05,63.09
2018-04-06,63.09
2018-04-07,63.09
2018-04-08,63.86
2018-04-09,65.1
2018-04-10,64.2
2018-04-11,64.08
2018-04-12,65.12
2018-04-13,65.12
2018-04-14,65.12
2018-04-15,63.67
2018-04-16,64.39
2018-04-17,66.12
2018-04-18,68.6
2018-04-19,66.98
2018-04-20,66.98
2018-04-21,66.98
2018-04-22,68.0
2018-04-23,67.78
2018-04-24,66.99
2018-04-25,66.53
2018-04-26,65.54
2018-04-27,65.54
2018-04-28,65.54
2018-04-29,65.78
2018-04-30,65.67
2018-05-01,66.95
2018-05-02,66.99
2018-05-03,67.0
2018-05-04,67.0
2018-05-05,67.0
2018-05-06,68.3
2018-05-07,67.14
2018-05-08,65.9
2018-05-09,66.25
2018-05-10,67.21
2018-05-11,67.21
2018-05-12,67.21
2018-05-13,68.14
2018-05-14,67.7
2018-05-15,67.66
2018-05-16,67.58
2018-05-17,66.86
2018-05-18,66.86
2018-05-19,66.86
2018-05-20,65.28
2018-05-21,64.27
2018-05-22,63.93
2018-05-23,64.39
2018-05-24,63.93
2018-05-25,63.93
2018-05-26,63.93
2018-05-27,63.48
2018-05-28,65.28
2018-05-29,64.0
2018-05-30,64.6
2018-05-31,64.43
2018-06-01,64.43
2018-06-02,64.43
2018-06-03,64.11
2018-06-04,64.85
2018-06-05,65.37
2018-06-06,65.38
2018-06-07,64.97
2018-06-08,64.97
2018-06-09,64.97
2018-06-10,65.48
2018-06-11,65.85
2018-06-12,65.7
2018-06-13,66.2
2018-06-14,65.89
2018-06-15,65.89
2018-06-16,65.89
2018-06-17,65.6
2018-06-18,63.95
2018-06-19,64.3
2018-06-20,64.0
2018-06-21,64.21
2018-06-22,64.21
2018-06-23,64.21
2018-06-24,64.42
2018-06-25,64.2
2018-06-26,63.95
2018-06-27,64.37
2018-06-28,64.66
2018-06-29,64.66
2018-06-30,64.66
2018-07-01,64.13
2018-07-02,64.05
2018-07-03,63.83
2018-07-04,62.97
2018-07-05,62.83
2018-07-06,62.83
2018-07-07,62.83
2018-07-08,63.1
2018-07-09,63.19
2018-07-10,63.25
2018-07-11,63.65
2018-07-12,63.46
2018-07-13,63.46
2018-07-14,63.46
2018-07-15,63.62
2018-07-16,63.73
2018-07-17,63.97
2018-07-18,64.68
2018-07-19,64.71
2018-07-20,64.71
2018-07-21,64.71
2018-07-22,65.33
2018-07-23,65.67
2018-07-24,66.17
2018-07-25,65.74
2018-07-26,67.4
2018-07-27,67.4
2018-07-28,67.4
2018-07-29,67.25
2018-07-30,67.74
2018-07-31,66.68
2018-08-01,66.56
2018-08-02,67.7
2018-08-03,67.7
2018-08-04,67.7
2018-08-05,69.55
2018-08-06,70.4
2018-08-07,69.44
2018-08-08,69.61
2018-08-09,69.1
2018-08-10,69.1
2018-08-11,69.1
2018-08-12,68.98
2018-08-13,67.8
2018-08-14,67.14
2018-08-15,66.78
2018-08-16,67.94
2018-08-17,67.94
2018-08-18,67.94
2018-08-19,68.1
2018-08-20,66.88
2018-08-21,66.41
2018-08-22,66.04
2018-08-23,66.26
2018-08-24,66.26
2018-08-25,66.26
2018-08-26,65.78
2018-08-27,66.1
2018-08-28,65.8
2018-08-29,65.84
2018-08-30,66.0
2018-08-31,66.0
2018-09-01,66.0
2018-09-02,66.02
2018-09-03,66.47
2018-09-04,66.65
2018-09-05,67.99
2018-09-06,67.9
2018-09-07,67.9
2018-09-08,67.9
2018-09-09,67.97
2018-09-10,67.35
2018-09-11,67.35
2018-09-12,68.37
2018-09-13,68.65
2018-09-14,68.65
2018-09-15,68.65
2018-09-16,68.72
2018-09-17,68.87
2018-09-18,69.08
2018-09-19,68.84
2018-09-20,68.86
2018-09-21,68.86
2018-09-22,68.86
2018-09-23,68.9
2018-09-24,67.99
2018-09-25,68.37
2018-09-26,68.04
2018-09-27,68.15
2018-09-28,68.15
2018-09-29,68.15
2018-09-30,68.03
2018-10-01,68.15
2018-10-02,68.31
2018-10-03,68.38
2018-10-04,68.33
2018-10-05,68.33
2018-10-06,68.33
2018-10-07,68.14
2018-10-08,69.12
2018-10-09,70.0
2018-10-10,69.35
2018-10-11,69.85
2018-10-12,69.85
2018-10-13,69.85
2018-10-14,69.78
2018-10-15,69.86
2018-10-16,72.52
2018-10-17,72.09
2018-10-18,71.53
2018-10-19,71.53
2018-10-20,71.53
2018-10-21,72.83
2018-10-22,72.7
2018-10-23,74.39
2018-10-24,74.39
2018-10-25,74.79
2018-10-26,74.79
2018-10-27,74.79
2018-10-28,74.6
2018-10-29,75.0
2018-10-30,74.21
2018-10-31,70.99
2018-11-01,70.79
2018-11-02,70.79
2018-11-03,70.79
2018-11-04,72.28
2018-11-05,71.83
2018-11-06,71.79
2018-11-07,73.05
2018-11-08,73.4
2018-11-09,73.4
2018-11-10,73.4
2018-11-11,72.23
2018-11-12,71.13
2018-11-13,71.73
2018-11-14,71.37
2018-11-15,72.07
2018-11-16,72.07
2018-11-17,72.07
2018-11-18,72.6
2018-11-19,70.7
2018-11-20,70.8
2018-11-21,69.27
2018-11-22,67.13
2018-11-23,67.13
2018-11-24,67.13
2018-11-25,62.78
2018-11-26,62.97
2018-11-27,64.5
2018-11-28,63.89
2018-11-29,64.09
2018-11-30,64.09
2018-12-01,64.09
2018-12-02,64.07
2018-12-03,65.28
2018-12-04,65.98
2018-12-05,64.14
2018-12-06,64.96
2018-12-07,64.96
2018-12-08,64.96
2018-12-09,64.78
2018-12-10,64.92
2018-12-11,65.11
2018-12-12,66.44
2018-12-13,68.19
2018-12-14,68.19
2018-12-15,68.19
2018-12-16,68.72
2018-12-17,67.97
2018-12-18,68.71
2018-12-19,70.13
2018-12-20,70.57
2018-12-21,70.57
2018-12-22,70.57
2018-12-23,69.6
2018-12-24,69.64
2018-12-25,69.68
2018-12-26,70.63
2018-12-27,71.17
2018-12-28,71.17
2018-12-29,71.17
2018-12-30,69.47
2018-12-31,69.44
2019-01-01,69.41
2019-01-02,70.61
2019-01-03,71.62
2019-01-04,71.62
2019-01-05,71.62
2019-01-06,73.05
2019-01-07,73.07
2019-01-08,72.65
2019-01-09,72.44
2019-01-10,72.53
2019-01-11,72.53
2019-01-12,72.53
2019-01-13,72.99
2019-01-14,72.81
2019-01-15,73.24
2019-01-16,73.17
2019-01-17,74.88
2019-01-18,74.88
2019-01-19,74.88
2019-01-20,75.2
2019-01-21,73.63
2019-01-22,73.85
2019-01-23,74.48
2019-01-24,74.39
2019-01-25,74.39
2019-01-26,74.39
2019-01-27,78.6
2019-01-28,79.77
2019-01-29,83.98
2019-01-30,84.22
2019-01-31,84.48
2019-02-01,84.48
2019-02-02,84.48
2019-02-03,82.9
2019-02-04,86.13
2019-02-05,87.0
2019-02-06,88.88
2019-02-07,91.54
2019-02-08,91.54
2019-02-09,91.54
2019-02-10,88.18
2019-02-11,84.68
2019-02-12,83.87
2019-02-13,84.88
2019-02-14,84.89
2019-02-15,84.89
2019-02-16,84.89
2019-02-17,86.02
2019-02-18,85.88
2019-02-19,84.88
2019-02-20,84.13
2019-02-21,84.65
2019-02-22,84.65
2019-02-23,84.65
2019-02-24,82.4
2019-02-25,81.71
2019-02-26,81.7
2019-02-27,83.06
2019-02-28,84.17
2019-03-01,84.17
2019-03-02,84.17
2019-03-03,83.44
2019-03-04,84.37
2019-03-05,83.43
2019-03-06,84.61
2019-03-07,82.29
2019-03-08,82.29
2019-03-09,82.29
2019-03-10,80.93
2019-03-11,83.03
2019-03-12,82.26
2019-03-13,84.86
2019-03-14,84.58
2019-03-15,84.58
2019-03-16,84.58
2019-03-17,86.09
2019-03-18,85.3
2019-03-19,82.49
2019-03-20,82.8
2019-03-21,84.75
2019-03-22,84.75
2019-03-23,84.75
2019-03-24,83.7
2019-03-25,83.9
2019-03-26,83.59
2019-03-27,83.48
2019-03-28,86.21
2019-03-29,86.21
2019-03-30,86.21
2019-03-31,85.76
2019-04-01,87.75
2019-04-02,91.04
2019-04-03,91.56
2019-04-04,90.8
2019-04-05,90.8
2019-04-06,90.8
2019-04-07,93.25
2019-04-08,91.34
2019-04-09,91.47
2019-04-10,92.73
2019-04-11,93.83
2019-04-12,93.83
2019-04-13,93.83
2019-04-14,93.73
2019-04-15,91.98
2019-04-16,90.26
2019-04-17,88.9
2019-04-18,89.79
2019-04-19,89.79
2019-04-20,89.79
2019-04-21,90.68
2019-04-22,92.06
2019-04-23,90.45
2019-04-24,90.49
2019-04-25,90.83
2019-04-26,90.83
2019-04-27,90.83
2019-04-28,91.56
2019-04-29,93.3
2019-04-30,91.45
2019-05-01,91.53
2019-05-02,92.01
2019-05-03,92.01
2019-05-04,92.01
2019-05-05,91.07
2019-05-06,92.61
2019-05-07,91.82
2019-05-08,91.92
2019-05-09,92.98
2019-05-10,92.98
2019-05-11,92.98
2019-05-12,92.14
2019-05-13,90.83
2019-05-14,92.34
2019-05-15,94.88
2019-05-16,97.76
2019-05-17,97.76
2019-05-18,97.76
2019-05-19,98.42
2019-05-20,98.49
2019-05-21,100.92
2019-05-22,100.12
2019-05-23,100.93
2019-05-24,100.93
2019-05-25,100.93
2019-05-26,105.1
2019-05-27,103.27
2019-05-28,102.08
2019-05-29,100.08
2019-05-30,98.35
2019-05-31,98.35
2019-06-01,98.35
2019-06-02,94.53
2019-06-03,96.22
2019-06-04,96.27
2019-06-05,95.41
2019-06-06,95.5
2019-06-07,95.5
2019-06-08,95.5
2019-06-09,97.17
2019-06-10,102.85
2019-06-11,102.29
2019-06-12,106.38
2019-06-13,105.04
2019-06-14,105.04
2019-06-15,105.04
2019-06-16,102.85
2019-06-17,106.75
2019-06-18,108.03
2019-06-19,112.05
2019-06-20,111.5
2019-06-21,111.5
2019-06-22,111.5
2019-06-23,111.39
2019-06-24,108.33
2019-06-25,109.86
2019-06-26,111.07
2019-06-27,112.87
2019-06-28,112.87
2019-06-29,112.87
2019-06-30,113.85
2019-07-01,117.0
2019-07-02,118.02
2019-07-03,114.32
2019-07-04,108.15
2019-07-05,108.15
2019-07-06,108.15
2019-07-07,112.37
2019-07-08,116.72
2019-07-09,114.63
2019-07-10,113.25
2019-07-11,114.06
2019-07-12,114.06
2019-07-13,114.06
2019-07-14,116.45
2019-07-15,116.04
2019-07-16,115.69
2019-07-17,114.6
2019-07-18,116.67
2019-07-19,116.67
2019-07-20,116.67
2019-07-21,113.98
2019-07-22,113.2
2019-07-23,111.1
2019-07-24,112.58
2019-07-25,114.96
2019-07-26,114.96
2019-07-27,114.96
2019-07-28,114.15
2019-07-29,117.13
2019-07-30,116.3
2019-07-31,108.11
2019-08-01,103.16
2019-08-02,103.16
2019-08-03,103.16
2019-08-04,95.78
2019-08-05,93.22
2019-08-06,89.09
2019-08-07,90.69
2019-08-08,89.08
2019-08-09,89.08
2019-08-10,89.08
2019-08-11,88.13
2019-08-12,86.8
2019-08-13,88.35
2019-08-14,86.46
2019-08-15,86.82
2019-08-16,86.82
2019-08-17,86.82
2019-08-18,86.49
2019-08-19,86.43
2019-08-20,80.72
2019-08-21,83.45
2019-08-22,87.2
2019-08-23,87.2
2019-08-24,87.2
2019-08-25,83.67
2019-08-26,80.9
2019-08-27,81.37
2019-08-28,80.54
2019-08-29,84.39
2019-08-30,84.39
2019-08-31,84.39
2019-09-01,87.14
2019-09-02,85.73
2019-09-03,87.87
2019-09-04,86.97
2019-09-05,85.96
2019-09-06,85.96
2019-09-07,85.96
2019-09-08,89.06
2019-09-09,88.81
2019-09-10,90.92
2019-09-11,94.72
2019-09-12,96.24
2019-09-13,96.24
2019-09-14,96.24
2019-09-15,94.45
2019-09-16,93.13
2019-09-17,92.42
2019-09-18,88.6
2019-09-19,88.6
2019-09-20,88.6
2019-09-21,88.6
2019-09-22,90.35
2019-09-23,87.0
2019-09-24,86.93
2019-09-25,88.72
2019-09-26,89.16
2019-09-27,89.16
2019-09-28,89.16
2019-09-29,91.91
2019-09-30,88.78
2019-10-01,88.76
2019-10-02,88.58
2019-10-03,88.44
2019-10-04,88.44
2019-10-05,88.44
2019-10-06,88.6
2019-10-07,89.69
2019-10-08,86.2
2019-10-09,88.86
2019-10-10,88.43
2019-10-11,88.43
2019-10-12,88.43
2019-10-13,86.51
2019-10-14,87.86
2019-10-15,83.19
2019-10-16,82.81
2019-10-17,82.54
2019-10-18,82.54
2019-10-19,82.54
2019-10-20,82.26
2019-10-21,83.56
2019-10-22,84.13
2019-10-23,84.63
2019-10-24,85.63
2019-10-25,85.63
2019-10-26,85.63
2019-10-27,84.58
2019-10-28,83.83
2019-10-29,83.53
2019-10-30,82.71
2019-10-31,81.71
2019-11-01,81.71
2019-11-02,81.71
2019-11-03,80.22
2019-11-04,80.6
2019-11-05,81.04
2019-11-06,80.31
2019-11-07,77.56
2019-11-08,77.56
2019-11-09,77.56
2019-11-10,76.52
2019-11-11,79.06
2019-11-12,79.32
2019-11-13,81.86
2019-11-14,83.09
2019-11-15,83.09
2019-11-16,83.09
2019-11-17,83.3
2019-11-18,84.15
2019-11-19,84.72
2019-11-20,85.07
2019-11-21,86.45
2019-11-22,86.45
2019-11-23,86.45
2019-11-24,89.08
2019-11-25,87.12
2019-11-26,85.41
2019-11-27,86.62
2019-11-28,86.2
2019-11-29,86.2
2019-11-30,86.2
2019-12-01,86.4
2019-12-02,85.98
2019-12-03,86.9
2019-12-04,86.85
2019-12-05,87.26
2019-12-06,87.26
2019-12-07,87.26
2019-12-08,91.9
2019-12-09,91.31
2019-12-10,92.8
2019-12-11,92.44
2019-12-12,92.93
2019-12-13,92.93
2019-12-14,92.93
2019-12-15,92.54
2019-12-16,92.03
2019-12-17,91.5
2019-12-18,92.14
2019-12-19,90.09
2019-12-20,90.09
2019-12-21,90.09
2019-12-22,90.3
2019-12-23,89.95
2019-12-24,89.95
2019-12-25,89.56
2019-12-26,90.07
2019-12-27,90.07
2019-12-28,90.07
2019-12-29,90.15
2019-12-30,91.32
2019-12-31,91.565
2020-01-01,91.81
2020-01-02,92.48
2020-01-03,92.48
2020-01-04,92.48
2020-01-05,92.83
2020-01-06,92.77
2020-01-07,93.92
2020-01-08,92.12
2020-01-09,92.02
2020-01-10,92.02
2020-01-11,92.02
2020-01-12,93.14
2020-01-13,94.87
2020-01-14,94.16
2020-01-15,93.87
2020-01-16,94.57
2020-01-17,94.57
2020-01-18,94.57
2020-01-19,94.54
2020-01-20,94.35
2020-01-21,94.13
2020-01-22,90.8
2020-01-23,91.03
2020-01-24,91.03
2020-01-25,91.03
2020-01-26,85.19
2020-01-27,83.27
2020-01-28,84.9
2020-01-29,82.2
2020-01-30,81.52
2020-01-31,81.52
2020-02-01,81.52
2020-02-02,78.01
2020-02-03,80.79
2020-02-04,78.54
2020-02-05,79.89
2020-02-06,80.59
2020-02-07,80.59
2020-02-08,80.59
2020-02-09,79.81
2020-02-10,83.72
2020-02-11,85.84
2020-02-12,86.04
2020-02-13,86.07
2020-02-14,86.07
2020-02-15,86.07
2020-02-16,87.78
2020-02-17,86.97
2020-02-18,87.08
2020-02-19,89.1
2020-02-20,89.86
2020-02-21,89.86
2020-02-22,89.86
2020-02-23,89.06
2020-02-24,88.33
2020-02-25,85.91
2020-02-26,83.61
2020-02-27,82.27
2020-02-28,82.27
2020-02-29,82.27
2020-03-01,86.02
2020-03-02,85.81
2020-03-03,88.23
2020-03-04,89.0
2020-03-05,87.07
2020-03-06,87.07
2020-03-07,87.07
2020-03-08,85.01
2020-03-09,88.78
2020-03-10,86.88
2020-03-11,87.15
2020-03-12,88.3
2020-03-13,88.3
2020-03-14,88.3
2020-03-15,87.45
2020-03-16,87.85
2020-03-17,88.62
2020-03-18,87.66
2020-03-19,84.71
2020-03-20,84.71
2020-03-21,84.71
2020-03-22,78.43
2020-03-23,82.55
2020-03-24,84.73
2020-03-25,83.91
2020-03-26,83.09
2020-03-27,83.09
2020-03-28,83.09
2020-03-29,80.77
2020-03-30,81.74
2020-03-31,78.58
2020-04-01,79.65
2020-04-02,79.62
2020-04-03,79.62
2020-04-04,79.62
2020-04-05,79.87
2020-04-06,79.18
2020-04-07,80.8
2020-04-08,81.75
2020-04-09,82.195
2020-04-10,82.195
2020-04-11,82.195
2020-04-12,82.64
2020-04-13,83.57
2020-04-14,82.95
2020-04-15,82.49
2020-04-16,83.08
2020-04-17,83.08
2020-04-18,83.08
2020-04-19,83.91
2020-04-20,81.06
2020-04-21,82.22
2020-04-22,81.5
2020-04-23,81.35
2020-04-24,81.35
2020-04-25,81.35
2020-04-26,81.33
2020-04-27,80.7
2020-04-28,80.77
2020-04-29,82.42
2020-04-30,80.43
2020-05-01,80.43
2020-05-02,80.43
2020-05-03,79.96
2020-05-04,80.8
2020-05-05,81.0
2020-05-06,82.81
2020-05-07,85.61
2020-05-08,85.61
2020-05-09,85.61
2020-05-10,85.27
2020-05-11,87.26
2020-05-12,88.17
2020-05-13,87.69
2020-05-14,90.54
2020-05-15,90.54
2020-05-16,90.54
2020-05-17,93.6
2020-05-18,95.53
2020-05-19,93.85
2020-05-20,95.56
2020-05-21,94.8
2020-05-22,94.8
2020-05-23,94.8
2020-05-24,93.75999999999999
2020-05-25,92.72
2020-05-26,93.92
2020-05-27,95.22
2020-05-28,99.73
2020-05-29,99.73
2020-05-30,99.73
2020-05-31,97.27
2020-06-01,98.12
2020-06-02,98.31
2020-06-03,95.63
2020-06-04,97.49
2020-06-05,97.49
2020-06-06,97.49
2020-06-07,102.32
2020-06-08,101.07
2020-06-09,100.49
2020-06-10,100.38
2020-06-11,102.15
2020-06-12,102.15
2020-06-13,102.15
2020-06-14,100.5
2020-06-15,102.47
2020-06-16,100.96
2020-06-17,100.04
2020-06-18,100.39
2020-06-19,100.39
2020-06-20,100.39
2020-06-21,99.21
2020-06-22,99.36
2020-06-23,101.49
2020-06-24,101.16
2020-06-25,100.7
2020-06-26,100.7
2020-06-27,100.7
2020-06-28,97.38
2020-06-29,98.42
2020-06-30,95.3
2020-07-01,95.51
2020-07-02,96.48
2020-07-03,96.48
2020-07-04,96.48
2020-07-05,97.56
2020-07-06,99.39
2020-07-07,102.71
2020-07-08,103.16
2020-07-09,103.02
2020-07-10,103.02
2020-07-11,103.02
2020-07-12,107.92
2020-07-13,109.17
2020-07-14,109.1
2020-07-15,107.35
2020-07-16,107.03
2020-07-17,107.03
2020-07-18,107.03
2020-07-19,106.03
2020-07-20,108.1
2020-07-21,107.32
2020-07-22,108.25
2020-07-23,106.27
2020-07-24,106.27
2020-07-25,106.27
2020-07-26,104.23
2020-07-27,104.85
2020-07-28,107.68
2020-07-29,107.74
2020-07-30,105.94
2020-07-31,105.94
2020-08-01,105.94
2020-08-02,110.46
2020-08-03,111.59
2020-08-04,112.26
2020-08-05,115.14
2020-08-06,113.36
2020-08-07,113.36
2020-08-08,113.36
2020-08-09,113.43
2020-08-10,115.21
2020-08-11,116.32
2020-08-12,115.7
2020-08-13,115.87
2020-08-14,115.87
2020-08-15,115.87
2020-08-16,116.9
2020-08-17,122.71
2020-08-18,124.3
2020-08-19,123.84
2020-08-20,121.78
2020-08-21,121.78
2020-08-22,121.78
2020-08-23,120.18
2020-08-24,117.63
2020-08-25,120.1
2020-08-26,117.76
2020-08-27,120.18
2020-08-28,120.18
2020-08-29,120.18
2020-08-30,121.96
2020-08-31,119.59
2020-09-01,121.98
2020-09-02,124.27
2020-09-03,122.97
2020-09-04,122.97
2020-09-05,122.97
2020-09-06,123.65
2020-09-07,123.38
2020-09-08,121.31
2020-09-09,120.88
2020-09-10,123.32
2020-09-11,123.32
2020-09-12,123.32
2020-09-13,125.64
2020-09-14,123.9
2020-09-15,119.61
2020-09-16,117.74
2020-09-17,121.01
2020-09-18,121.01
2020-09-19,121.01
2020-09-20,115.98
2020-09-21,113.99
2020-09-22,111.75
2020-09-23,113.14
2020-09-24,113.19
2020-09-25,113.19
2020-09-26,113.19
2020-09-27,114.46
2020-09-28,116.79
2020-09-29,121.24
2020-09-30,117.04
2020-10-01,116.22
2020-10-02,116.22
2020-10-03,116.22
2020-10-04,116.34
2020-10-05,117.47
2020-10-06,117.27
2020-10-07,117.85
2020-10-08,121.08
2020-10-09,121.08
2020-10-10,121.08
2020-10-11,119.54
2020-10-12,116.92
2020-10-13,115.12
2020-10-14,114.11
2020-10-15,114.94
2020-10-16,114.94
2020-10-17,114.94
2020-10-18,115.44
2020-10-19,115.81
2020-10-20,117.35
2020-10-21,116.79
2020-10-22,113.07
2020-10-23,113.07
2020-10-24,113.07
2020-10-25,112.58
2020-10-26,113.45
2020-10-27,114.66
2020-10-28,114.18
2020-10-29,116.2
2020-10-30,116.2
2020-10-31,116.2
2020-11-01,114.48
2020-11-02,112.78
2020-11-03,113.01
2020-11-04,113.13
2020-11-05,114.17
2020-11-06,114.17
2020-11-07,114.17
2020-11-08,117.99
2020-11-09,119.12
2020-11-10,121.11
2020-11-11,119.85
2020-11-12,119.18
2020-11-13,119.18
2020-11-14,119.18
2020-11-15,120.29
2020-11-16,122.18
2020-11-17,122.94
2020-11-18,124.3
2020-11-19,125.72
2020-11-20,125.72
2020-11-21,125.72
2020-11-22,123.59
2020-11-23,124.73
2020-11-24,125.2
2020-11-25,126.86
2020-11-26,127.68
2020-11-27,127.68
2020-11-28,127.68
2020-11-29,129.36
2020-11-30,127.22
2020-12-01,131.02
2020-12-02,132.54
2020-12-03,140.29
2020-12-04,140.29
2020-12-05,140.29
2020-12-06,144.07
2020-12-07,144.94
2020-12-08,146.64
2020-12-09,154.61
2020-12-10,157.82
2020-12-11,157.82
2020-12-12,157.82
2020-12-13,151.5
2020-12-14,153.29
2020-12-15,154.79
2020-12-16,157.0
2020-12-17,162.13
2020-12-18,162.13
2020-12-19,162.13
2020-12-20,174.94
2020-12-21,164.27
2020-12-22,160.48
2020-12-23,163.38
2020-12-24,162.81
2020-12-25,162.81
2020-12-26,162.81
2020-12-27,162.24
2020-12-28,160.84
2020-12-29,157.92
2020-12-30,158.41
2020-12-31,159.805
2021-01-01,159.805
2021-01-02,159.805
2021-01-03,161.2
2021-01-04,163.7
2021-01-05,164.99
2021-01-06,167.8
2021-01-07,168.32
2021-01-08,168.32
2021-01-09,168.32
2021-01-10,167.27
2021-01-11,167.3
2021-01-12,165.31
2021-01-13,168.38
2021-01-14,169.1
2021-01-15,169.1
2021-01-16,169.1
2021-01-17,170.26
2021-01-18,167.03
2021-01-19,165.97
2021-01-20,167.6
2021-01-21,166.14
2021-01-22,166.14
2021-01-23,166.14
2021-01-24,165.91
2021-01-25,162.09
2021-01-26,163.02
2021-01-27,153.9
2021-01-28,155.59
2021-01-29,155.59
2021-01-30,155.59
2021-01-31,151.03
2021-02-01,144.37
2021-02-02,146.92
2021-02-03,152.69
2021-02-04,150.89
2021-02-05,150.89
2021-02-06,150.89
2021-02-07,154.6
2021-02-08,158.55
2021-02-09,161.27
2021-02-10,161.31
2021-02-11,160.63
2021-02-12,160.63
2021-02-13,160.63
2021-02-14,161.55
2021-02-15,163.91
2021-02-16,166.91
2021-02-17,169.52
2021-02-18,168.44
2021-02-19,168.44
2021-02-20,168.44
2021-02-21,171.49
2021-02-22,169.04
2021-02-23,169.61
2021-02-24,171.1
2021-02-25,173.34
2021-02-26,173.34
2021-02-27,173.34
2021-02-28,167.57
2021-03-01,168.81
2021-03-02,170.0
2021-03-03,171.67
2021-03-04,167.73
2021-03-05,167.73
2021-03-06,167.73
2021-03-07,167.37
2021-03-08,157.54
2021-03-09,158.58
2021-03-10,164.69
2021-03-11,159.97
2021-03-12,159.97
2021-03-13,159.97
2021-03-14,158.09
2021-03-15,159.74
2021-03-16,159.93
2021-03-17,160.18
2021-03-18,154.21
2021-03-19,154.21
2021-03-20,154.21
2021-03-21,151.2
2021-03-22,155.1
2021-03-23,155.75
2021-03-24,155.6
2021-03-25,156.92
2021-03-26,156.92
2021-03-27,156.92
2021-03-28,163.18
2021-03-29,161.36
2021-03-30,161.05
2021-03-31,158.06
2021-04-01,159.4
2021-04-02,159.4
2021-04-03,159.4
2021-04-04,160.74
2021-04-05,161.65
2021-04-06,164.61
2021-04-07,165.17
2021-04-08,165.38
2021-04-09,165.38
2021-04-10,165.38
2021-04-11,166.65
2021-04-12,166.14
2021-04-13,166.5
2021-04-14,172.06
2021-04-15,172.23
2021-04-16,172.23
2021-04-17,172.23
2021-04-18,176.32
2021-04-19,182.95
2021-04-20,180.97
2021-04-21,178.99
2021-04-22,181.06
2021-04-23,181.06
2021-04-24,181.06
2021-04-25,187.53
2021-04-26,190.25
2021-04-27,187.45
2021-04-28,187.7
2021-04-29,184.05
2021-04-30,184.05
2021-05-01,184.05
2021-05-02,183.36
2021-05-03,185.75
2021-05-04,186.94
2021-05-05,195.47
2021-05-06,205.16
2021-05-07,205.16
2021-05-08,205.16
2021-05-09,222.4
2021-05-10,221.07
2021-05-11,227.34
2021-05-12,210.83
2021-05-13,201.74
2021-05-14,201.74
2021-05-15,201.74
2021-05-16,207.53
2021-05-17,214.01
2021-05-18,206.26
2021-05-19,200.97
2021-05-20,191.63
2021-05-21,191.63
2021-05-22,191.63
2021-05-23,182.45
2021-05-24,182.89
2021-05-25,172.4
2021-05-26,183.04
2021-05-27,184.61
2021-05-28,184.61
2021-05-29,184.61
2021-05-30,194.81
2021-05-31,198.16
2021-06-01,198.29
2021-06-02,201.0
2021-06-03,198.92
2021-06-04,198.92
2021-06-05,198.92
2021-06-06,193.8
2021-06-07,200.69
2021-06-08,204.79
2021-06-09,208.18
2021-06-10,210.15
2021-06-11,210.15
2021-06-12,210.15
2021-06-13,212.07
2021-06-14,211.18
2021-06-15,205.78
2021-06-16,209.12
2021-06-17,206.81
2021-06-18,206.81
2021-06-19,206.81
2021-06-20,196.94
2021-06-21,204.74
2021-06-22,209.4
2021-06-23,206.74
2021-06-24,211.58
2021-06-25,211.58
2021-06-26,211.58
2021-06-27,212.59
2021-06-28,206.28
2021-06-29,211.19
2021-06-30,204.92
2021-07-01,203.71
2021-07-02,203.71
2021-07-03,203.71
2021-07-04,208.73
2021-07-05,208.95
2021-07-06,209.71
2021-07-07,205.93
2021-07-08,204.31
2021-07-09,204.31
2021-07-10,204.31
2021-07-11,207.89
2021-07-12,210.23
2021-07-13,209.92
2021-07-14,213.45
2021-07-15,213.95
2021-07-16,213.95
2021-07-17,213.95
2021-07-18,213.52
2021-07-19,212.79
2021-07-20,206.55
2021-07-21,197.67
2021-07-22,197.33
2021-07-23,197.33
2021-07-24,197.33
2021-07-25,199.09
2021-07-26,197.05
2021-07-27,199.2
2021-07-28,193.7
2021-07-29,179.81
2021-07-30,179.81
2021-07-31,179.81
2021-08-01,178.05
2021-08-02,179.15
2021-08-03,178.88
2021-08-04,166.73
2021-08-05,167.87
2021-08-06,167.87
2021-08-07,167.87
2021-08-08,160.58
2021-08-09,159.91
2021-08-10,163.77
2021-08-11,159.23
2021-08-12,159.35
2021-08-13,159.35
2021-08-14,159.35
2021-08-15,161.0
2021-08-16,158.27
2021-08-17,149.16
2021-08-18,130.6
2021-08-19,138.63
2021-08-20,138.63
2021-08-21,138.63
2021-08-22,135.79
2021-08-23,148.1
2021-08-24,147.99
2021-08-25,153.27
2021-08-26,157.63
2021-08-27,157.63
2021-08-28,157.63
2021-08-29,156.76
2021-08-30,152.16
2021-08-31,141.14
2021-09-01,138.46
2021-09-02,142.98
2021-09-03,142.98
2021-09-04,142.98
2021-09-05,131.12
2021-09-06,136.58
2021-09-07,131.75
2021-09-08,129.6
2021-09-09,128.4
2021-09-10,128.4
2021-09-11,128.4
2021-09-12,122.12
2021-09-13,120.67
2021-09-14,115.4
2021-09-15,107.37
2021-09-16,101.73
2021-09-17,101.73
2021-09-18,101.73
2021-09-19,93.57
2021-09-20,93.68
2021-09-21,107.71
2021-09-22,109.67
2021-09-23,111.04
2021-09-24,111.04
2021-09-25,111.04
2021-09-26,118.99
2021-09-27,112.8
2021-09-28,115.44
2021-09-29,117.67
2021-09-30,114.47
2021-10-01,114.47
2021-10-02,114.47
2021-10-03,117.07
2021-10-04,116.96
2021-10-05,117.04
2021-10-06,117.44
2021-10-07,124.65
2021-10-08,124.65
2021-10-09,124.65
2021-10-10,135.44
2021-10-11,127.71
2021-10-12,121.21
2021-10-13,123.58
2021-10-14,122.11
2021-10-15,122.11
2021-10-16,122.11
2021-10-17,122.07
2021-10-18,122.41
2021-10-19,121.4
2021-10-20,116.46
2021-10-21,118.5
2021-10-22,118.5
2021-10-23,118.5
2021-10-24,117.99
2021-10-25,120.85
2021-10-26,117.6
2021-10-27,111.15
2021-10-28,106.19
2021-10-29,106.19
2021-10-30,106.19
2021-10-31,100.26
2021-11-01,94.04
2021-11-02,97.39
2021-11-03,93.93
2021-11-04,91.47
2021-11-05,91.47
2021-11-06,91.47
2021-11-07,92.14
2021-11-08,90.85
2021-11-09,87.87
2021-11-10,92.5
2021-11-11,88.4
2021-11-12,88.4
2021-11-13,88.4
2021-11-14,88.02
2021-11-15,89.08
2021-11-16,88.81
2021-11-17,86.24
2021-11-18,91.06
2021-11-19,91.06
2021-11-20,91.06
2021-11-21,94.68
2021-11-22,98.74
2021-11-23,103.05
2021-11-24,102.04
2021-11-25,96.23
2021-11-26,96.23
2021-11-27,96.23
2021-11-28,102.79
2021-11-29,102.25
2021-11-30,103.48
2021-12-01,101.09
2021-12-02,101.56
2021-12-03,101.56
2021-12-04,101.56
2021-12-05,104.1
2021-12-06,112.55
2021-12-07,112.46
2021-12-08,109.13
2021-12-09,108.35
2021-12-10,108.35
2021-12-11,108.35
2021-12-12,115.39
2021-12-13,112.85
2021-12-14,112.53
2021-12-15,116.95
2021-12-16,119.88
2021-12-17,119.88
2021-12-18,119.88
2021-12-19,124.49
2021-12-20,127.3
2021-12-21,125.72
2021-12-22,124.48
2021-12-23,127.43
2021-12-24,127.43
2021-12-25,127.43
2021-12-26,122.05
2021-12-27,118.79
2021-12-28,117.12
2021-12-29,118.94
2021-12-30,121.07
2021-12-31,121.07
2022-01-01,121.07
2022-01-02,122.37
2022-01-03,122.25
2022-01-04,124.28
2022-01-05,127.33
2022-01-06,127.23
2022-01-07,127.23
2022-01-08,127.23
2022-01-09,125.08
2022-01-10,128.2
2022-01-11,131.22
2022-01-12,128.14
2022-01-13,126.69
2022-01-14,126.69
2022-01-15,126.69
2022-01-16,124.12
2022-01-17,126.98
2022-01-18,130.6
2022-01-19,133.77
2022-01-20,137.06
2022-01-21,137.06
2022-01-22,137.06
2022-01-23,132.66
2022-01-24,136.8
2022-01-25,137.64
2022-01-26,137.87
2022-01-27,147.03
2022-01-28,147.03
2022-01-29,147.03
2022-01-30,136.87
2022-01-31,137.07
2022-02-01,139.82
2022-02-02,144.39
2022-02-03,145.05
2022-02-04,145.05
2022-02-05,145.05
2022-02-06,147.45
2022-02-07,148.22
2022-02-08,145.61
2022-02-09,152.94
2022-02-10,149.8
2022-02-11,149.8
2022-02-12,149.8
2022-02-13,148.41
2022-02-14,135.92
2022-02-15,140.24
2022-02-16,131.61
2022-02-17,133.22
2022-02-18,133.22
2022-02-19,133.22
2022-02-20,139.89
2022-02-21,136.66
2022-02-22,139.11
2022-02-23,138.77
2022-02-24,136.23
2022-02-25,136.23
2022-02-26,136.23
2022-02-27,140.54
2022-02-28,148.11
2022-03-01,149.1
2022-03-02,158.22
2022-03-03,156.83
2022-03-04,156.83
2022-03-05,156.83
2022-03-06,165.88
2022-03-07,165.52
2022-03-08,163.34
2022-03-09,162.58
2022-03-10,157.61
2022-03-11,157.61
2022-03-12,157.61
2022-03-13,147.24
2022-03-14,137.66
2022-03-15,149.24
2022-03-16,148.65
2022-03-17,152.82
2022-03-18,152.82
2022-03-19,152.82
2022-03-20,150.2
2022-03-21,145.64
2022-03-22,147.97
2022-03-23,147.8
2022-03-24,153.16
2022-03-25,153.16
2022-03-26,153.16
2022-03-27,153.67
2022-03-28,153.58
2022-03-29,159.15
2022-03-30,158.34
2022-03-31,161.34
2022-04-01,161.34
2022-04-02,161.34
2022-04-03,163.75
2022-04-04,163.52
2022-04-05,161.36
2022-04-06,156.54
2022-04-07,155.07
2022-04-08,155.07
2022-04-09,155.07
2022-04-10,151.78
2022-04-11,155.62
2022-04-12,151.73
2022-04-13,154.4
2022-04-14,154.635
2022-04-15,154.635
2022-04-16,154.635
2022-04-17,154.87
2022-04-18,150.78
2022-04-19,151.47
2022-04-20,151.14
2022-04-21,150.77
2022-04-22,150.77
2022-04-23,150.77
2022-04-24,136.17
2022-04-25,139.21
2022-04-26,140.87
2022-04-27,142.05
2022-04-28,146.3
2022-04-29,146.3
2022-04-30,146.3
2022-05-01,144.99
2022-05-02,143.68
2022-05-03,142.86
2022-05-04,145.22
2022-05-05,137.92
2022-05-06,137.92
2022-05-07,137.92
2022-05-08,129.33
2022-05-09,126.44
2022-05-10,131.78
2022-05-11,125.58
2022-05-12,126.97
2022-05-13,126.97
2022-05-14,126.97
2022-05-15,129.88
2022-05-16,128.05
2022-05-17,125.21
2022-05-18,126.51
2022-05-19,134.07
2022-05-20,134.07
2022-05-21,134.07
2022-05-22,133.9
2022-05-23,128.86
2022-05-24,131.49
2022-05-25,129.56
2022-05-26,133.07
2022-05-27,133.07
2022-05-28,133.07
2022-05-29,135.1
2022-05-30,135.02
2022-05-31,133.36
2022-06-01,140.37
2022-06-02,142.7
2022-06-03,142.7
2022-06-04,142.7
2022-06-05,143.85
2022-06-06,144.61
2022-06-07,144.74
2022-06-08,141.73
2022-06-09,139.7
2022-06-10,139.7
2022-06-11,139.7
2022-06-12,134.58
2022-06-13,133.21
2022-06-14,129.43
2022-06-15,128.03
2022-06-16,120.03
2022-06-17,120.03
2022-06-18,120.03
2022-06-19,110.94
2022-06-20,114.91
2022-06-21,108.14
2022-06-22,116.15
2022-06-23,114.13
2022-06-24,114.13
2022-06-25,114.13
2022-06-26,119.84
2022-06-27,124.21
2022-06-28,122.75
2022-06-29,119.44
2022-06-30,114.6
2022-07-01,114.6
2022-07-02,114.6
2022-07-03,108.73
2022-07-04,112.51
2022-07-05,111.2
2022-07-06,113.54
2022-07-07,112.91
2022-07-08,112.91
2022-07-09,112.91
2022-07-10,110.02
2022-07-11,104.97
2022-07-12,108.77
2022-07-13,100.24
2022-07-14,96.49
2022-07-15,96.49
2022-07-16,96.49
2022-07-17,100.71
2022-07-18,97.2
2022-07-19,99.49
2022-07-20,97.95
2022-07-21,103.15
2022-07-22,103.15
2022-07-23,103.15
2022-07-24,105.43
2022-07-25,111.7
2022-07-26,112.12
2022-07-27,119.13
2022-07-28,115.48
2022-07-29,115.48
2022-07-30,115.48
2022-07-31,114.75
2022-08-01,114.67
2022-08-02,109.93
2022-08-03,105.71
2022-08-04,109.11
2022-08-05,109.11
2022-08-06,109.11
2022-08-07,111.67
2022-08-08,109.58
2022-08-09,109.88
2022-08-10,112.28
2022-08-11,110.37
2022-08-12,110.37
2022-08-13,110.37
2022-08-14,105.98
2022-08-15,105.63
2022-08-16,101.65
2022-08-17,101.76
2022-08-18,100.83
2022-08-19,100.83
2022-08-20,100.83
2022-08-21,101.71
2022-08-22,103.24
2022-08-23,103.69
2022-08-24,103.1
2022-08-25,105.95
2022-08-26,105.95
2022-08-27,105.95
2022-08-28,102.29
2022-08-29,97.71
2022-08-30,101.16
2022-08-31,95.46
2022-09-01,94.52
2022-09-02,94.52
2022-09-03,94.52
2022-09-04,97.89
2022-09-05,97.02
2022-09-06,96.46
2022-09-07,100.03
2022-09-08,102.98
2022-09-09,102.98
2022-09-10,102.98
2022-09-11,102.07
2022-09-12,103.3
2022-09-13,100.76
2022-09-14,100.7
2022-09-15,98.01
2022-09-16,98.01
2022-09-17,98.01
2022-09-18,97.05
2022-09-19,96.11
2022-09-20,95.66
2022-09-21,98.26
2022-09-22,97.97
2022-09-23,97.97
2022-09-24,97.97
2022-09-25,95.59
2022-09-26,97.22
2022-09-27,94.88
2022-09-28,95.47
2022-09-29,95.46
2022-09-30,95.46
2022-10-01,95.46
2022-10-02,92.25
2022-10-03,93.36
2022-10-04,93.73
2022-10-05,94.25
2022-10-06,94.07
2022-10-07,94.07
2022-10-08,94.07
2022-10-09,96.95
2022-10-10,94.57
2022-10-11,93.8
2022-10-12,91.98
2022-10-13,93.77
2022-10-14,93.77
2022-10-15,93.77
2022-10-16,91.61
2022-10-17,92.63
2022-10-18,92.05
2022-10-19,89.8
2022-10-20,90.82
2022-10-21,90.82
2022-10-22,90.82
2022-10-23,90.66
2022-10-24,88.79
2022-10-25,86.54
2022-10-26,81.71
2022-10-27,80.69
2022-10-28,80.69
2022-10-29,80.69
2022-10-30,78.57
