Date,CLOSE_x
2015-01-02,4.272072250005828
2015-01-03,4.272072250005828
2015-01-04,4.261834449345476
2015-01-05,4.285515734293038
2015-01-06,4.279301532151069
2015-01-07,4.275832438267478
2015-01-08,4.269697449699962
2015-01-09,4.269697449699962
2015-01-10,4.269697449699962
2015-01-11,4.249780130512233
2015-01-12,4.2437698090420275
2015-01-13,4.2381562642541795
2015-01-14,4.249352017769341
2015-01-15,4.248923721667427
2015-01-16,4.248923721667427
2015-01-17,4.248923721667427
2015-01-18,4.246063716857944
2015-01-19,4.244056835450428
2015-01-20,4.234541192715384
2015-01-21,4.23410650459726
2015-01-22,4.229166788029546
2015-01-23,4.229166788029546
2015-01-24,4.229166788029546
2015-01-25,4.229312422632585
2015-01-26,4.230476736546681
2015-01-27,4.228000947034774
2015-01-28,4.228584037430304
2015-01-29,4.222444564849416
2015-01-30,4.222444564849416
2015-01-31,4.222444564849416
2015-02-01,4.142181891636261
2015-02-02,4.1588830833596715
2015-02-03,4.160132302760104
2015-02-04,4.142181891636261
2015-02-05,4.152927886320998
2015-02-06,4.152927886320998
2015-02-07,4.152927886320998
2015-02-08,4.140432666414855
2015-02-09,4.147885329150131
2015-02-10,4.151984341668515
2015-02-11,4.149148354262775
2015-02-12,4.154969184038536
2015-02-13,4.154969184038536
2015-02-14,4.154969184038536
2015-02-15,4.161847435323687
2015-02-16,4.1588830833596715
2015-02-17,4.154969184038536
2015-02-18,4.154969184038536
2015-02-19,4.1588830833596715
2015-02-20,4.1588830833596715
2015-02-21,4.1588830833596715
2015-02-22,4.154969184038536
2015-02-23,4.1568497675734974
2015-02-24,4.154341536128396
2015-02-25,4.153713494028934
2015-02-26,4.153713494028934
2015-02-27,4.153713494028934
2015-02-28,4.153713494028934
2015-03-01,4.146146060785364
2015-03-02,4.147569323459399
2015-03-03,4.121148764974151
2015-03-04,4.109561528026961
2015-03-05,4.083115080270552
2015-03-06,4.083115080270552
2015-03-07,4.083115080270552
2015-03-08,4.091674333666222
2015-03-09,4.078553876315777
2015-03-10,4.080752608702634
2015-03-11,4.0928434360958335
2015-03-12,4.081090446543684
2015-03-13,4.081090446543684
2015-03-14,4.081090446543684
2015-03-15,4.0873199472851365
2015-03-16,4.087152091640596
2015-03-17,4.06474409244581
2015-03-18,4.06009812349351
2015-03-19,4.059062748077461
2015-03-20,4.059062748077461
2015-03-21,4.059062748077461
2015-03-22,4.007333185232471
2015-03-23,4.066116540765546
2015-03-24,4.068171687918078
2015-03-25,4.066116540765546
2015-03-26,4.062681881713259
2015-03-27,4.062681881713259
2015-03-28,4.062681881713259
2015-03-29,4.064228938317477
2015-03-30,4.059407992341204
2015-03-31,3.8832119235740263
2015-04-01,3.873905683315018
2015-04-02,3.8725542615177795
2015-04-03,3.8725542615177795
2015-04-04,3.8725542615177795
2015-04-05,3.871201010907891
2015-04-06,3.8869103046130706
2015-04-07,3.8997479745525334
2015-04-08,3.869532953807194
2015-04-09,3.8751515306522415
2015-04-10,3.8751515306522415
2015-04-11,3.8751515306522415
2015-04-12,3.9094196195580313
2015-04-13,3.926911617921897
2015-04-14,3.9128226855987105
2015-04-15,3.917209532115446
2015-04-16,3.9390543444791764
2015-04-17,3.9390543444791764
2015-04-18,3.9390543444791764
2015-04-19,3.91879998970717
2015-04-20,3.9154172384961616
2015-04-21,3.926911617921897
2015-04-22,3.924544285981818
2015-04-23,3.9415818076696905
2015-04-24,3.9415818076696905
2015-04-25,3.9415818076696905
2015-04-26,3.9583339082913964
2015-04-27,3.9497040723958348
2015-04-28,3.9575698203841165
2015-04-29,3.9575698203841165
2015-04-30,4.007333185232471
2015-05-01,4.007333185232471
2015-05-02,4.007333185232471
2015-05-03,4.04952151861378
2015-05-04,4.0668020592157
2015-05-05,4.102643365036796
2015-05-06,4.083115080270552
2015-05-07,4.09982949245267
2015-05-08,4.09982949245267
2015-05-09,4.09982949245267
2015-05-10,4.110217911378391
2015-05-11,4.100492292808335
2015-05-12,4.099497927462895
2015-05-13,4.082777925850635
2015-05-14,4.09016919081162
2015-05-15,4.09016919081162
2015-05-16,4.09016919081162
2015-05-17,4.0933440618885175
2015-05-18,4.085976312551584
2015-05-19,4.085976312551584
2015-05-20,4.09567700745588
2015-05-21,4.092342559551428
2015-05-22,4.092342559551428
2015-05-23,4.092342559551428
2015-05-24,4.102643365036796
2015-05-25,4.109561528026961
2015-05-26,4.113656873254474
2015-05-27,4.117735515012677
2015-05-28,4.117735515012677
2015-05-29,4.117735515012677
2015-05-30,4.117735515012677
2015-05-31,4.122932019074013
2015-06-01,4.147727338787214
2015-06-02,4.143134726391533
2015-06-03,4.150094577326593
2015-06-04,4.139158578011894
2015-06-05,4.139158578011894
2015-06-06,4.139158578011894
2015-06-07,4.129872568281246
2015-06-08,4.141705133581938
2015-06-09,4.167749906638376
2015-06-10,4.185098925490565
2015-06-11,4.166044876387292
2015-06-12,4.166044876387292
2015-06-13,4.166044876387292
2015-06-14,4.151039905898646
2015-06-15,4.141228148120951
2015-06-16,4.128101659020234
2015-06-17,4.135166556742356
2015-06-18,4.1370847158982595
2015-06-19,4.1370847158982595
2015-06-20,4.1370847158982595
2015-06-21,4.1370847158982595
2015-06-22,4.145037676537619
2015-06-23,4.1470951276076295
2015-06-24,4.1444037620948375
2015-06-25,4.143134726391533
2015-06-26,4.143134726391533
2015-06-27,4.143134726391533
2015-06-28,4.145829504910609
2015-06-29,4.148359150528339
2015-06-30,4.023206534388761
2015-07-01,4.000583182407627
2015-07-02,3.9921272496698075
2015-07-03,3.9921272496698075
2015-07-04,3.9921272496698075
2015-07-05,3.937690752176724
2015-07-06,3.907010463604602
2015-07-07,3.8501476017100584
2015-07-08,3.909620120811836
2015-07-09,3.930255773689206
2015-07-10,3.930255773689206
2015-07-11,3.930255773689206
2015-07-12,3.9294699190318667
2015-07-13,3.9382753765722116
2015-07-14,3.9367156180185177
2015-07-15,3.9333930311643384
2015-07-16,3.9415818076696905
2015-07-17,3.9415818076696905
2015-07-18,3.9415818076696905
2015-07-19,3.960813169597578
2015-07-20,3.960813169597578
2015-07-21,3.9512437185814275
2015-07-22,3.9560398908449206
2015-07-23,3.9537405987800147
2015-07-24,3.9537405987800147
2015-07-25,3.9537405987800147
2015-07-26,3.955082494888593
2015-07-27,3.9529729917571004
2015-07-28,3.962525987601253
2015-07-29,3.9623358193017353
2015-07-30,3.9621456148313565
2015-07-31,3.9621456148313565
2015-08-01,3.9621456148313565
2015-08-02,3.9970991777832654
2015-08-03,4.001315112906908
2015-08-04,4.028382806544341
2015-08-05,4.020698022053802
2015-08-06,4.00277736869661
2015-08-07,4.00277736869661
2015-08-08,4.00277736869661
2015-08-09,3.9996675152801924
2015-08-10,3.992865393272247
2015-08-11,4.000949214622548
2015-08-12,4.024279687773814
2015-08-13,4.029806041084529
2015-08-14,4.029806041084529
2015-08-15,4.029806041084529
2015-08-16,4.021773869387265
2015-08-17,4.030339232246188
2015-08-18,4.028204759717555
2015-08-19,4.028382806544341
2015-08-20,4.033532422825343
2015-08-21,4.033532422825343
2015-08-22,4.033532422825343
2015-08-23,4.023206534388761
2015-08-24,4.023206534388761
2015-08-25,4.021773869387265
2015-08-26,4.024637149797281
2015-08-27,4.0267792427263345
2015-08-28,4.0267792427263345
2015-08-29,4.0267792427263345
2015-08-30,4.030339232246188
2015-08-31,4.02535169073515
2015-09-01,4.020877410340228
2015-09-02,4.033178126984613
2015-09-03,4.033178126984613
2015-09-04,4.033178126984613
2015-09-05,4.033178126984613
2015-09-06,4.018542848805819
2015-09-07,4.030339232246188
2015-09-08,4.059062748077461
2015-09-09,4.07753744390572
2015-09-10,4.061476958596484
2015-09-11,4.061476958596484
2015-09-12,4.061476958596484
2015-09-13,4.047427642434349
2015-09-14,4.032646447751885
2015-09-15,4.040416220196545
2015-09-16,4.045854353061666
2015-09-17,4.047427642434349
2015-09-18,4.047427642434349
2015-09-19,4.047427642434349
2015-09-20,4.052480358123402
2015-09-21,4.051784947803305
2015-09-22,4.051784947803305
2015-09-23,4.051784947803305
2015-09-24,4.051784947803305
2015-09-25,4.051784947803305
2015-09-26,4.051784947803305
2015-09-27,4.0505668148762055
2015-09-28,4.0505668148762055
2015-09-29,4.04917284357538
2015-09-30,3.983413001514819
2015-10-01,3.9824814690767076
2015-10-02,3.9824814690767076
2015-10-03,3.9824814690767076
2015-10-04,3.9904644317347087
2015-10-05,3.9982007016691985
2015-10-06,3.9967317333551002
2015-10-07,4.001315112906908
2015-10-08,4.023027563471057
2015-10-09,4.023027563471057
2015-10-10,4.023027563471057
2015-10-11,4.0118683403978626
2015-10-12,4.000583182407627
2015-10-13,3.9987510089379703
2015-10-14,3.9982007016691985
2015-10-15,3.986759351542163
2015-10-16,3.986759351542163
2015-10-17,3.986759351542163
2015-10-18,3.9921272496698075
2015-10-19,4.000400116045559
2015-10-20,3.9924963895780228
2015-10-21,3.9889840465642745
2015-10-22,3.9889840465642745
2015-10-23,3.9889840465642745
2015-10-24,3.9889840465642745
2015-10-25,3.992865393272247
2015-10-26,3.9915732841861553
2015-10-27,3.9899095440852173
2015-10-28,3.985830932572866
2015-10-29,3.984157603187345
2015-10-30,3.984157603187345
2015-10-31,3.984157603187345
2015-11-01,3.880119456415138
2015-11-02,3.8571443439181565
2015-11-03,3.8768102496724017
2015-11-04,3.8598872510076174
2015-11-05,3.866816412590067
2015-11-06,3.866816412590067
2015-11-07,3.866816412590067
2015-11-08,3.887935209899056
2015-11-09,3.8815637979434374
2015-11-10,3.883623530906448
2015-11-11,3.8790865051818813
2015-11-12,3.8790865051818813
2015-11-13,3.8790865051818813
2015-11-14,3.8790865051818813
2015-11-15,3.8790865051818813
2015-11-16,3.862622655133019
2015-11-17,3.8556642717587617
2015-11-18,3.8501476017100584
2015-11-19,3.8526975393433314
2015-11-20,3.8526975393433314
2015-11-21,3.8526975393433314
2015-11-22,3.8526975393433314
2015-11-23,3.8537580972961702
2015-11-24,3.85248529271195
2015-11-25,3.8537580972961702
2015-11-26,3.8520606642554633
2015-11-27,3.8520606642554633
2015-11-28,3.8520606642554633
2015-11-29,3.8522730010223722
2015-11-30,3.7045067099996354
2015-12-01,3.6896291730044823
2015-12-02,3.683364273425826
2015-12-03,3.683364273425826
2015-12-04,3.683364273425826
2015-12-05,3.683364273425826
2015-12-06,3.68987895444702
2015-12-07,3.686877451443263
2015-12-08,3.6821065698265074
2015-12-09,3.667400422436812
2015-12-10,3.670715483486265
2015-12-11,3.670715483486265
2015-12-12,3.670715483486265
2015-12-13,3.6750340472918834
2015-12-14,3.6686767467964168
2015-12-15,3.677565694213663
2015-12-16,3.6838669122903918
2015-12-17,3.696847623763113
2015-12-18,3.696847623763113
2015-12-19,3.696847623763113
2015-12-20,3.6958550678503617
2015-12-21,3.6896291730044823
2015-12-22,3.6896291730044823
2015-12-23,3.691874963093735
2015-12-24,3.69224877158354
2015-12-25,3.69224877158354
2015-12-26,3.69224877158354
2015-12-27,3.6926224403927708
2015-12-28,3.6965995771290743
2015-12-29,3.6965995771290743
2015-12-30,3.7032753343976688
2015-12-31,3.7290612437467683
2016-01-01,3.7290612437467683
2016-01-02,3.7290612437467683
2016-01-03,3.754198920234579
2016-01-04,3.749974553473747
2016-01-05,3.735763040012787
2016-01-06,3.7364784329132155
2016-01-07,3.7285808209654885
2016-01-08,3.7285808209654885
2016-01-09,3.7285808209654885
2016-01-10,3.7130841428107537
2016-01-11,3.70080802497921
2016-01-12,3.7106409458954492
2016-01-13,3.716737782242333
2016-01-14,3.724487881581304
2016-01-15,3.724487881581304
2016-01-16,3.724487881581304
2016-01-17,3.756538102587751
2016-01-18,3.749739342370699
2016-01-19,3.731220294603461
2016-01-20,3.735763040012787
2016-01-21,3.7393348976024297
2016-01-22,3.7393348976024297
2016-01-23,3.7393348976024297
2016-01-24,3.7367167835280966
2016-01-25,3.7383836490170252
2016-01-26,3.7412346844478646
2016-01-27,3.7419461750506287
2016-01-28,3.7417090677584683
2016-01-29,3.7417090677584683
2016-01-30,3.7417090677584683
2016-01-31,3.778263015248622
2016-02-01,3.7909846770510898
2016-02-02,3.7970609869584644
2016-02-03,3.8122026701459353
2016-02-04,3.807772984054347
2016-02-05,3.807772984054347
2016-02-06,3.807772984054347
2016-02-07,3.8122026701459353
2016-02-08,3.8010914447208646
2016-02-09,3.7884985191426486
2016-02-10,3.784189633918261
2016-02-11,3.784189633918261
2016-02-12,3.784189633918261
2016-02-13,3.784189633918261
2016-02-14,3.8218794555751803
2016-02-15,3.8205653949393112
2016-02-16,3.8225358389266098
2016-02-17,3.8334126048462345
2016-02-18,3.851848282392076
2016-02-19,3.851848282392076
2016-02-20,3.851848282392076
2016-02-21,3.865979066926739
2016-02-22,3.8651410195280156
2016-02-23,3.8624125048748117
2016-02-24,3.8590440806372595
2016-02-25,3.8607297110405954
2016-02-26,3.8607297110405954
2016-02-27,3.8607297110405954
2016-02-28,3.8571443439181565
2016-02-29,3.913621726791843
2016-03-01,3.94681083091381
2016-03-02,3.93241369507588
2016-03-03,3.970291913552122
2016-03-04,3.970291913552122
2016-03-05,3.970291913552122
2016-03-06,4.116921116401006
2016-03-07,4.0547371076273215
2016-03-08,4.034948352265444
2016-03-09,4.030339232246188
2016-03-10,4.0163830207523885
2016-03-11,4.0163830207523885
2016-03-12,4.0163830207523885
2016-03-13,4.006787581872569
2016-03-14,3.9880576917041437
2016-03-15,4.013676659154646
2016-03-16,4.024458434757935
2016-03-17,4.037244970181528
2016-03-18,4.037244970181528
2016-03-19,4.037244970181528
2016-03-20,4.038303171338476
2016-03-21,4.039008017182635
2016-03-22,4.037774210733707
2016-03-23,4.038655656361512
2016-03-24,4.037774210733707
2016-03-25,4.037774210733707
2016-03-26,4.037774210733707
2016-03-27,4.036891987474015
2016-03-28,4.03742141482248
2016-03-29,4.035832291154432
2016-03-30,4.034594557816327
2016-03-31,4.000583182407627
2016-04-01,4.000583182407627
2016-04-02,4.000583182407627
2016-04-03,4.004237489415957
2016-04-04,3.9880576917041437
2016-04-05,3.9815490680767565
2016-04-06,3.9917579734469997
2016-04-07,3.992311836656949
2016-04-08,3.992311836656949
2016-04-09,3.992311836656949
2016-04-10,4.030694535145645
2016-04-11,4.06474409244581
2016-04-12,4.074991833706286
2016-04-13,4.05317528518403
2016-04-14,4.050044303325521
2016-04-15,4.050044303325521
2016-04-16,4.050044303325521
2016-04-17,4.0809215418899605
2016-04-18,4.09016919081162
2016-04-19,4.107260787488647
2016-04-20,4.109561528026961
2016-04-21,4.1089047135534305
2016-04-22,4.1089047135534305
2016-04-23,4.1089047135534305
2016-04-24,4.107260787488647
2016-04-25,4.102973888920155
2016-04-26,4.100657924278693
2016-04-27,4.099000373758295
2016-04-28,4.103964805599091
2016-04-29,4.103964805599091
2016-04-30,4.103964805599091
2016-05-01,4.112920947795036
2016-05-02,4.1217975890034015
2016-05-03,4.0930103392089645
2016-05-04,4.07533162304017
2016-05-05,4.078892457663179
2016-05-06,4.078892457663179
2016-05-07,4.078892457663179
2016-05-08,4.0239220979255546
2016-05-09,4.03512520256213
2016-05-10,4.039008017182635
2016-05-11,4.0163830207523885
2016-05-12,4.00860510327439
2016-05-13,4.00860510327439
2016-05-14,4.00860510327439
2016-05-15,4.018542848805819
2016-05-16,4.0451543180313285
2016-05-17,4.033178126984613
2016-05-18,4.025173103360802
2016-05-19,4.0353020215883175
2016-05-20,4.0353020215883175
2016-05-21,4.0353020215883175
2016-05-22,4.018722624087202
2016-05-23,4.028916756899646
2016-05-24,4.0239220979255546
2016-05-25,4.017823424314358
2016-05-26,4.019441402195416
2016-05-27,4.019441402195416
2016-05-28,4.019441402195416
2016-05-29,4.020877410340228
2016-05-30,4.01620282433781
2016-05-31,3.874943997186725
2016-06-01,3.8860896234016415
2016-06-02,3.891207865714226
2016-06-03,3.891207865714226
2016-06-04,3.891207865714226
2016-06-05,3.9388596593817056
2016-06-06,3.9406104622800586
2016-06-07,3.9390543444791764
2016-06-08,3.9464244321454784
2016-06-09,3.9502817175452365
2016-06-10,3.9502817175452365
2016-06-11,3.9502817175452365
2016-06-12,3.9495114498391377
2016-06-13,3.92395157629342
2016-06-14,3.925531355452938
2016-06-15,3.9304521408965134
2016-06-16,3.937495801401177
2016-06-17,3.937495801401177
2016-06-18,3.937495801401177
2016-06-19,3.937690752176724
2016-06-20,3.9371057857956093
2016-06-21,3.948933359448243
2016-06-22,3.9473901492654373
2016-06-23,3.9464244321454784
2016-06-24,3.9464244321454784
2016-06-25,3.9464244321454784
2016-06-26,3.9545076170343014
2016-06-27,3.958524839079566
2016-06-28,3.955082494888593
2016-06-29,3.9581429410416993
2016-06-30,3.9774361439763783
2016-07-01,3.9774361439763783
2016-07-02,3.9774361439763783
2016-07-03,4.024458434757935
2016-07-04,4.012411179459415
2016-07-05,3.977997994351679
2016-07-06,3.9954446135672184
2016-07-07,4.007151350519723
2016-07-08,4.007151350519723
2016-07-09,4.007151350519723
2016-07-10,4.009512626705403
2016-07-11,4.033532422825343
2016-07-12,4.0493471962913645
2016-07-13,4.039184151044825
2016-07-14,4.050392674692918
2016-07-15,4.050392674692918
2016-07-16,4.050392674692918
2016-07-17,4.020877410340228
2016-07-18,4.020339148911605
2016-07-19,4.025887261577193
2016-07-20,4.041646773221651
2016-07-21,4.0347714706871995
2016-07-22,4.0347714706871995
2016-07-23,4.0347714706871995
2016-07-24,4.043402083484526
2016-07-25,4.047602299669969
2016-07-26,4.048126088420487
2016-07-27,4.0526541351678915
2016-07-28,4.053696163744291
2016-07-29,4.053696163744291
2016-07-30,4.053696163744291
2016-07-31,4.106273133087375
2016-08-01,4.107096246147264
2016-08-02,4.101320175958526
2016-08-03,4.08446256236765
2016-08-04,4.113820338722757
2016-08-05,4.113820338722757
2016-08-06,4.113820338722757
2016-08-07,4.128745988939433
2016-08-08,4.114963849424837
2016-08-09,4.111693200556713
2016-08-10,4.1021473742851216
2016-08-11,4.101651137404539
2016-08-12,4.101651137404539
2016-08-13,4.101651137404539
2016-08-14,4.09567700745588
2016-08-15,4.116921116401006
2016-08-16,4.107096246147264
2016-08-17,4.113656873254474
2016-08-18,4.120661870539474
2016-08-19,4.120661870539474
2016-08-20,4.120661870539474
2016-08-21,4.123093975508087
2016-08-22,4.127779338308338
2016-08-23,4.1260047149499695
2016-08-24,4.122770036405805
2016-08-25,4.123093975508087
2016-08-26,4.123093975508087
2016-08-27,4.123093975508087
2016-08-28,4.1198498526304625
2016-08-29,4.1170840491915905
2016-08-30,4.117898315175836
2016-08-31,4.077876369514794
2016-09-01,4.074991833706286
2016-09-02,4.074991833706286
2016-09-03,4.074991833706286
2016-09-04,4.07753744390572
2016-09-05,4.0814281702888735
2016-09-06,4.063025878964673
2016-09-07,4.066630723654585
2016-09-08,4.068684815441523
2016-09-09,4.068684815441523
2016-09-10,4.068684815441523
2016-09-11,4.06336975792267
2016-09-12,4.059580569785761
2016-09-13,4.059235385108533
2016-09-14,4.056469609793174
2016-09-15,4.054390246715068
2016-09-16,4.054390246715068
2016-09-17,4.054390246715068
2016-09-18,4.049695810553219
2016-09-19,4.059580569785761
2016-09-20,4.056642695038089
2016-09-21,4.060443010546419
2016-09-22,4.058544658090914
2016-09-23,4.058544658090914
2016-09-24,4.058544658090914
2016-09-25,4.060615409477973
2016-09-26,4.054043265448575
2016-09-27,4.05560373390567
2016-09-28,4.055776969072842
2016-09-29,4.054043265448575
2016-09-30,4.054043265448575
2016-10-01,4.054043265448575
2016-10-02,4.026600910135581
2016-10-03,4.029628247502409
2016-10-04,4.028204759717555
2016-10-05,4.026957543520246
2016-10-06,4.022848560517031
2016-10-07,4.022848560517031
2016-10-08,4.022848560517031
2016-10-09,4.04567939024082
2016-10-10,4.047078236421011
2016-10-11,4.045329372736371
2016-10-12,4.044103345785354
2016-10-13,4.05560373390567
2016-10-14,4.05560373390567
2016-10-15,4.05560373390567
2016-10-16,4.061132428015987
2016-10-17,4.059753117452481
2016-10-18,4.06182137051654
2016-10-19,4.063713518668578
2016-10-20,4.061304708143901
2016-10-21,4.061304708143901
2016-10-22,4.061304708143901
2016-10-23,4.063885354737392
2016-10-24,4.069026754237811
2016-10-25,4.073120925770474
2016-10-26,4.07533162304017
2016-10-27,4.07533162304017
2016-10-28,4.07533162304017
2016-10-29,4.07533162304017
2016-10-30,4.07753744390572
2016-10-31,4.166975253257008
2016-11-01,4.149148354262775
2016-11-02,4.169297415458502
2016-11-03,4.165579363150551
2016-11-04,4.165579363150551
2016-11-05,4.165579363150551
2016-11-06,4.205885936955008
2016-11-07,4.201553368737545
2016-11-08,4.256746818247124
2016-11-09,4.282620578207235
2016-11-10,4.358246106008478
2016-11-11,4.358246106008478
2016-11-12,4.358246106008478
2016-11-13,4.323205073865539
2016-11-14,4.2626798770413155
2016-11-15,4.2702567338308715
2016-11-16,4.267597343922845
2016-11-17,4.251348311031766
2016-11-18,4.251348311031766
2016-11-19,4.251348311031766
2016-11-20,4.246779485265856
2016-11-21,4.282482504337495
2016-11-22,4.292101927145895
2016-11-23,4.298101399736121
2016-11-24,4.298101399736121
2016-11-25,4.298101399736121
2016-11-26,4.298101399736121
2016-11-27,4.299324142908639
2016-11-28,4.297693486208131
2016-11-29,4.293878247897177
2016-11-30,4.336767728268267
2016-12-01,4.320151230955794
2016-12-02,4.320151230955794
2016-12-03,4.320151230955794
2016-12-04,4.345881188037528
2016-12-05,4.34795265434013
2016-12-06,4.385146762010125
2016-12-07,4.387014176184921
2016-12-08,4.377767577753498
2016-12-09,4.377767577753498
2016-12-10,4.377767577753498
2016-12-11,4.399866552802212
2016-12-12,4.40256428589143
2016-12-13,4.383650315789979
2016-12-14,4.398391988760146
2016-12-15,4.390738575275903
2016-12-16,4.390738575275903
2016-12-17,4.390738575275903
2016-12-18,4.376762804998783
2016-12-19,4.387387240915977
2016-12-20,4.393461012299545
2016-12-21,4.379147493923038
2016-12-22,4.385395952143486
2016-12-23,4.385395952143486
2016-12-24,4.385395952143486
2016-12-25,4.388319294296902
2016-12-26,4.391234115424795
2016-12-27,4.391357962102766
2016-12-28,4.391357962102766
2016-12-29,4.391357962102766
2016-12-30,4.391357962102766
2016-12-31,4.391357962102766
2017-01-01,4.356901115893145
2017-01-02,4.3212144952771245
2017-01-03,4.321480134805848
2017-01-04,4.346658490836091
2017-01-05,4.335066045810379
2017-01-06,4.335066045810379
2017-01-07,4.335066045810379
2017-01-08,4.354783898280007
2017-01-09,4.374750225703106
2017-01-10,4.379648809887917
2017-01-11,4.382276603429089
2017-01-12,4.378645926514404
2017-01-13,4.378645926514404
2017-01-14,4.378645926514404
2017-01-15,4.413646418429337
2017-01-16,4.398514952178684
2017-01-17,4.398637900479079
2017-01-18,4.392595586023115
2017-01-19,4.382401564378955
2017-01-20,4.382401564378955
2017-01-21,4.382401564378955
2017-01-22,4.391110253406924
2017-01-23,4.402196841463264
2017-01-24,4.402686737370185
2017-01-25,4.4058652241537235
2017-01-26,4.404399485525607
2017-01-27,4.404399485525607
2017-01-28,4.404399485525607
2017-01-29,4.404399485525607
2017-01-30,4.399375273008495
2017-01-31,4.434619084793052
2017-02-01,4.442768896629268
2017-02-02,4.388381400311889
2017-02-03,4.388381400311889
2017-02-04,4.388381400311889
2017-02-05,4.376385754783795
2017-02-06,4.405010471064257
2017-02-07,4.416428061391214
2017-02-08,4.416186486320586
2017-02-09,4.453649378346849
2017-02-10,4.453649378346849
2017-02-11,4.453649378346849
2017-02-12,4.486048755080228
2017-02-13,4.483341477622957
2017-02-14,4.475061500641071
2017-02-15,4.466827236366346
2017-02-16,4.483115539980786
2017-02-17,4.483115539980786
2017-02-18,4.483115539980786
2017-02-19,4.48796198508255
2017-02-20,4.494462064003669
2017-02-21,4.489647094732552
2017-02-22,4.484808829316908
2017-02-23,4.481645699702594
2017-02-24,4.481645699702594
2017-02-25,4.481645699702594
2017-02-26,4.48897339158558
2017-02-27,4.486105078829151
2017-02-28,4.483228515182849
2017-03-01,4.492561241605437
2017-03-02,4.480173695813406
2017-03-03,4.480173695813406
2017-03-04,4.480173695813406
2017-03-05,4.464642950851115
2017-03-06,4.465908118654584
2017-03-07,4.461992416311763
2017-03-08,4.455509411433685
2017-03-09,4.458061320949879
2017-03-10,4.458061320949879
2017-03-11,4.458061320949879
2017-03-12,4.482889551279259
2017-03-13,4.484808829316908
2017-03-14,4.504023003983134
2017-03-15,4.512616204377483
2017-03-16,4.507888063181538
2017-03-17,4.507888063181538
2017-03-18,4.507888063181538
2017-03-19,4.505128831807865
2017-03-20,4.492337377713747
2017-03-21,4.485372622532496
2017-03-22,4.486048755080228
2017-03-23,4.4850343847481104
2017-03-24,4.4850343847481104
2017-03-25,4.4850343847481104
2017-03-26,4.4790399088438795
2017-03-27,4.475858449507752
2017-03-28,4.477109515920573
2017-03-29,4.4776776654728145
2017-03-30,4.47551697776122
2017-03-31,4.47551697776122
2017-04-01,4.47551697776122
2017-04-02,4.375253750386452
2017-04-03,4.387014176184921
2017-04-04,4.3891263717891045
2017-04-05,4.37462430490712
2017-04-06,4.346269914961763
2017-04-07,4.346269914961763
2017-04-08,4.346269914961763
2017-04-09,4.319353040145823
2017-04-10,4.311738281555703
2017-04-11,4.28317268312119
2017-04-12,4.280547465724028
2017-04-13,4.270955399408094
2017-04-14,4.270955399408094
2017-04-15,4.270955399408094
2017-04-16,4.2612704335380815
2017-04-17,4.2367118035090225
2017-04-18,4.2504932447120325
2017-04-19,4.257171777528256
2017-04-20,4.263383854543109
2017-04-21,4.263383854543109
2017-04-22,4.263383854543109
2017-04-23,4.2609883062968255
2017-04-24,4.258728418329388
2017-04-25,4.2612704335380815
2017-04-26,4.26507138131118
2017-04-27,4.262257252536892
2017-04-28,4.262257252536892
2017-04-29,4.262257252536892
2017-04-30,4.25291403621107
2017-05-01,4.243482700225814
2017-05-02,4.226395693132972
2017-05-03,4.156223299267966
2017-05-04,4.148990563335426
2017-05-05,4.148990563335426
2017-05-06,4.148990563335426
2017-05-07,4.124388683570477
2017-05-08,4.123255905716521
2017-05-09,4.1515122352784415
2017-05-10,4.1420229975388425
2017-05-11,4.126973081713828
2017-05-12,4.126973081713828
2017-05-13,4.126973081713828
2017-05-14,4.126650396974016
2017-05-15,4.130354999745133
2017-05-16,4.1455128487965
2017-05-17,4.127779338308338
2017-05-18,4.145354483129846
2017-05-19,4.145354483129846
2017-05-20,4.145354483129846
2017-05-21,4.144720769547168
2017-05-22,4.143293443953964
2017-05-23,4.124550404279167
2017-05-24,4.124388683570477
2017-05-25,4.122445992332976
2017-05-26,4.122445992332976
2017-05-27,4.122445992332976
2017-05-28,4.122445992332976
2017-05-29,4.123255905716521
2017-05-30,4.122445992332976
2017-05-31,4.029983803061711
2017-06-01,4.038126882223872
2017-06-02,4.038126882223872
2017-06-03,4.038126882223872
2017-06-04,4.031582240485785
2017-06-05,4.031582240485785
2017-06-06,4.026600910135581
2017-06-07,4.014037930834876
2017-06-08,4.010238052925101
2017-06-09,4.010238052925101
2017-06-10,4.010238052925101
2017-06-11,4.019082077721554
2017-06-12,4.001132180499922
2017-06-13,4.013676659154646
2017-06-14,4.014579593753238
2017-06-15,4.020339148911605
2017-06-16,4.020339148911605
2017-06-17,4.020339148911605
2017-06-18,4.028204759717555
2017-06-19,4.024815832903268
2017-06-20,4.0237432550385535
2017-06-21,4.019980146933238
2017-06-22,4.020877410340228
2017-06-23,4.020877410340228
2017-06-24,4.020877410340228
2017-06-25,4.024458434757935
2017-06-26,4.033532422825343
2017-06-27,4.038655656361512
2017-06-28,4.041295341132285
2017-06-29,4.043226691043491
2017-06-30,4.043226691043491
2017-07-01,4.043226691043491
2017-07-02,4.186011750747925
2017-07-03,4.151826997635463
2017-07-04,4.161379963558259
2017-07-05,4.146778872070522
2017-07-06,4.161847435323687
2017-07-07,4.161847435323687
2017-07-08,4.161847435323687
2017-07-09,4.162781723775329
2017-07-10,4.181439269073034
2017-07-11,4.178992036282385
2017-07-12,4.186771802468027
2017-07-13,4.184337600748806
2017-07-14,4.184337600748806
2017-07-15,4.184337600748806
2017-07-16,4.199455046624718
2017-07-17,4.208863015664693
2017-07-18,4.214051671586849
2017-07-19,4.208417018481948
2017-07-20,4.2018527699373855
2017-07-21,4.2018527699373855
2017-07-22,4.2018527699373855
2017-07-23,4.195847647552622
2017-07-24,4.198854716425088
2017-07-25,4.2049910823091645
2017-07-26,4.202899968776446
2017-07-27,4.20200243692861
2017-07-28,4.20200243692861
2017-07-29,4.20200243692861
2017-07-30,4.20797082229696
2017-07-31,4.292512127466133
2017-08-01,4.288127958229824
2017-08-02,4.29714934254078
2017-08-03,4.311604170377335
2017-08-04,4.311604170377335
2017-08-05,4.311604170377335
2017-08-06,4.3389886449823125
2017-08-07,4.3255885495701785
2017-08-08,4.336244442018754
2017-08-09,4.335328031664641
2017-08-10,4.310933344565636
2017-08-11,4.310933344565636
2017-08-12,4.310933344565636
2017-08-13,4.300274132801622
2017-08-14,4.303659605599776
2017-08-15,4.305820308668628
2017-08-16,4.32068300443283
2017-08-17,4.3295484280286765
2017-08-18,4.3295484280286765
2017-08-19,4.3295484280286765
2017-08-20,4.335851797553269
2017-08-21,4.338074747144699
2017-08-22,4.331391018705302
2017-08-23,4.336898507056134
2017-08-24,4.333230220484919
2017-08-25,4.333230220484919
2017-08-26,4.333230220484919
2017-08-27,4.33204826486764
2017-08-28,4.330075229041782
2017-08-29,4.332573750954351
2017-08-30,4.3321796622793
2017-08-31,4.364371699435161
2017-09-01,4.364371699435161
2017-09-02,4.364371699435161
2017-09-03,4.356324137321509
2017-09-04,4.366912996863833
2017-09-05,4.345232973844869
2017-09-06,4.330733340286331
2017-09-07,4.320284200838311
2017-09-08,4.320284200838311
2017-09-09,4.320284200838311
2017-09-10,4.3222766302681075
2017-09-11,4.331259517620229
2017-09-12,4.325720798462787
2017-09-13,4.309455941839047
2017-09-14,4.301494223781961
2017-09-15,4.301494223781961
2017-09-16,4.301494223781961
2017-09-17,4.305010592025198
2017-09-18,4.286616449869223
2017-09-19,4.286616449869223
2017-09-20,4.267737488271754
2017-09-21,4.262961527514942
2017-09-22,4.262961527514942
2017-09-23,4.262961527514942
2017-09-24,4.264087336809195
2017-09-25,4.264930862797635
2017-09-26,4.2626798770413155
2017-09-27,4.2609883062968255
2017-09-28,4.259435182087693
2017-09-29,4.259435182087693
2017-09-30,4.259435182087693
2017-10-01,4.157319361383489
2017-10-02,4.1588830833596715
2017-10-03,4.163559631243574
2017-10-04,4.170842533194826
2017-10-05,4.1705337005796475
2017-10-06,4.1705337005796475
2017-10-07,4.1705337005796475
2017-10-08,4.130837198581126
2017-10-09,4.103964805599091
2017-10-10,4.099497927462895
2017-10-11,4.104459895963194
2017-10-12,4.125843229281472
2017-10-13,4.125843229281472
2017-10-14,4.125843229281472
2017-10-15,4.141546163706395
2017-10-16,4.137244396537321
2017-10-17,4.13660552093661
2017-10-18,4.1170840491915905
2017-10-19,4.12535861575127
2017-10-20,4.12535861575127
2017-10-21,4.12535861575127
2017-10-22,4.127940511650616
2017-10-23,4.128584945376802
2017-10-24,4.127618138985026
2017-10-25,4.123579687490436
2017-10-26,4.117409835153096
2017-10-27,4.117409835153096
2017-10-28,4.117409835153096
2017-10-29,4.116432158686106
2017-10-30,4.115942961774596
2017-10-31,4.086480387165299
2017-11-01,4.102312731871278
2017-11-02,4.105284502260435
2017-11-03,4.105284502260435
2017-11-04,4.105284502260435
2017-11-05,4.15166962884137
2017-11-06,4.139795825126018
2017-11-07,4.139158578011894
2017-11-08,4.141705133581938
2017-11-09,4.144562278382718
2017-11-10,4.144562278382718
2017-11-11,4.144562278382718
2017-11-12,4.148043294556035
2017-11-13,4.146778872070522
2017-11-14,4.128262780425561
2017-11-15,4.137563681342077
2017-11-16,4.136765278106052
2017-11-17,4.136765278106052
2017-11-18,4.136765278106052
2017-11-19,4.147885329150131
2017-11-20,4.1470951276076295
2017-11-21,4.162003210695915
2017-11-22,4.159351723530711
2017-11-23,4.161691635681711
2017-11-24,4.161691635681711
2017-11-25,4.161691635681711
2017-11-26,4.165268900558799
2017-11-27,4.164958341550092
2017-11-28,4.164647686064525
2017-11-29,4.1644923221241825
2017-11-30,4.24778070111149
2017-12-01,4.24778070111149
2017-12-02,4.24778070111149
2017-12-03,4.278054044290903
2017-12-04,4.259293869291585
2017-12-05,4.227271605597732
2017-12-06,4.20797082229696
2017-12-07,4.235120483100881
2017-12-08,4.235120483100881
2017-12-09,4.235120483100881
2017-12-10,4.236278058110767
2017-12-11,4.24577726598231
2017-12-12,4.256038151220088
2017-12-13,4.247494741715776
2017-12-14,4.256321678298823
2017-12-15,4.256321678298823
2017-12-16,4.256321678298823
2017-12-17,4.28234441140073
2017-12-18,4.279024447084182
2017-12-19,4.276249365519713
2017-12-20,4.280824129164719
2017-12-21,4.281791848878036
2017-12-22,4.281791848878036
2017-12-23,4.281791848878036
2017-12-24,4.279024447084182
2017-12-25,4.276249365519713
2017-12-26,4.275276264727001
2017-12-27,4.27999390910873
2017-12-28,4.280547465724028
2017-12-29,4.280547465724028
2017-12-30,4.280547465724028
2017-12-31,4.297625484440059
2018-01-01,4.314416735011824
2018-01-02,4.308245532169378
2018-01-03,4.326117440234365
2018-01-04,4.334803991301542
2018-01-05,4.334803991301542
2018-01-06,4.334803991301542
2018-01-07,4.356837023600222
2018-01-08,4.369321262176328
2018-01-09,4.364371699435161
2018-01-10,4.368941395125226
2018-01-11,4.359141762136423
2018-01-12,4.359141762136423
2018-01-13,4.359141762136423
2018-01-14,4.3511807545027805
2018-01-15,4.341725337900356
2018-01-16,4.335458998857547
2018-01-17,4.336244442018754
2018-01-18,4.351567427189173
2018-01-19,4.351567427189173
2018-01-20,4.351567427189173
2018-01-21,4.349761674086606
2018-01-22,4.341204640153626
2018-01-23,4.339380059952409
2018-01-24,4.343675543289958
2018-01-25,4.341725337900356
2018-01-26,4.341725337900356
2018-01-27,4.341725337900356
2018-01-28,4.343285806357451
2018-01-29,4.342895917470844
2018-01-30,4.3419855851366975
2018-01-31,4.2916915584923006
2018-02-01,4.302306791540646
2018-02-02,4.302306791540646
2018-02-03,4.302306791540646
2018-02-04,4.3221439250725044
2018-02-05,4.325059379032629
2018-02-06,4.332311042427949
2018-02-07,4.339119133662605
2018-02-08,4.338335946049148
2018-02-09,4.338335946049148
2018-02-10,4.338335946049148
2018-02-11,4.338074747144699
2018-02-12,4.347305781945493
2018-02-13,4.356837023600222
2018-02-14,4.359525369327368
2018-02-15,4.360419880919823
2018-02-16,4.360419880919823
2018-02-17,4.360419880919823
2018-02-18,4.36118596880203
2018-02-19,4.362588940781406
2018-02-20,4.36373536470163
2018-02-21,4.359013860364809
2018-02-22,4.360802998222255
2018-02-23,4.360802998222255
2018-02-24,4.360802998222255
2018-02-25,4.363098624788363
2018-02-26,4.362843815257108
2018-02-27,4.362588940781406
2018-02-28,4.373238128640803
2018-03-01,4.35619587463936
2018-03-02,4.35619587463936
2018-03-03,4.35619587463936
2018-03-04,4.3295484280286765
2018-03-05,4.333623895445714
2018-03-06,4.316554344376219
2018-03-07,4.300138475201197
2018-03-08,4.287303782358995
2018-03-09,4.287303782358995
2018-03-10,4.287303782358995
2018-03-11,4.279440045898781
2018-03-12,4.2798554720627555
2018-03-13,4.291965156305224
2018-03-14,4.29714934254078
2018-03-15,4.28771595520264
2018-03-16,4.28771595520264
2018-03-17,4.28771595520264
2018-03-18,4.26955757977876
2018-03-19,4.2691378525952635
2018-03-20,4.26955757977876
2018-03-21,4.274858931480352
2018-03-22,4.2623981472183505
2018-03-23,4.2623981472183505
2018-03-24,4.2623981472183505
2018-03-25,4.261129379866926
2018-03-26,4.261411467315905
2018-03-27,4.259152536523347
2018-03-28,4.258445572902527
2018-03-29,4.229749199228304
2018-03-30,4.229749199228304
2018-03-31,4.229749199228304
2018-04-01,4.200204952921578
2018-04-02,4.179145163914566
2018-04-03,4.1540275643832745
2018-04-04,4.15481230898919
2018-04-05,4.167285186623816
2018-04-06,4.167285186623816
2018-04-07,4.167285186623816
2018-04-08,4.176538799848087
2018-04-09,4.189654742026425
2018-04-10,4.181286492355909
2018-04-11,4.1799104505517475
2018-04-12,4.190412030968334
2018-04-13,4.190412030968334
2018-04-14,4.190412030968334
2018-04-15,4.174387269895637
2018-04-16,4.179145163914566
2018-04-17,4.191924890560965
2018-04-18,4.2049910823091645
2018-04-19,4.197803270590331
2018-04-20,4.197803270590331
2018-04-21,4.197803270590331
2018-04-22,4.201253877869777
2018-04-23,4.200954297280359
2018-04-24,4.195546442731068
2018-04-25,4.194943760778217
2018-04-26,4.195245147157833
2018-04-27,4.195245147157833
2018-04-28,4.195245147157833
2018-04-29,4.193737306100135
2018-04-30,4.199605072879594
2018-05-01,4.220683484265119
2018-05-02,4.219948784356969
2018-05-03,4.220242729097475
2018-05-04,4.220242729097475
2018-05-05,4.220242729097475
2018-05-06,4.238011912034514
2018-05-07,4.220683484265119
2018-05-08,4.204394067366058
2018-05-09,4.210645017918261
2018-05-10,4.222591181666628
2018-05-11,4.222591181666628
2018-05-12,4.222591181666628
2018-05-13,4.232801305369117
2018-05-14,4.228584037430304
2018-05-15,4.227563406008323
2018-05-16,4.224348908792687
2018-05-17,4.219507705176107
2018-05-18,4.219507705176107
2018-05-19,4.219507705176107
2018-05-20,4.207673247529104
2018-05-21,4.203647297112551
2018-05-22,4.2018527699373855
2018-05-23,4.2049910823091645
2018-05-24,4.204394067366058
2018-05-25,4.204394067366058
2018-05-26,4.204394067366058
2018-05-27,4.203198967134183
2018-05-28,4.211386582653765
2018-05-29,4.2021520815229785
2018-05-30,4.203946072137182
2018-05-31,4.181897459229962
2018-06-01,4.181897459229962
2018-06-02,4.181897459229962
2018-06-03,4.177152673409416
2018-06-04,4.18737942818929
2018-06-05,4.192831508936755
2018-06-06,4.194943760778217
2018-06-07,4.1893516658004355
2018-06-08,4.1893516658004355
2018-06-09,4.1893516658004355
2018-06-10,4.196901150547193
2018-06-11,4.2008044733232275
2018-06-12,4.199605072879594
2018-06-13,4.203049479130317
2018-06-14,4.197803270590331
2018-06-15,4.197803270590331
2018-06-16,4.197803270590331
2018-06-17,4.194642283537465
2018-06-18,4.184794465144173
2018-06-19,4.186771802468027
2018-06-20,4.185098925490565
2018-06-21,4.184946706904381
2018-06-22,4.184946706904381
2018-06-23,4.184946706904381
2018-06-24,4.184337600748806
2018-06-25,4.186163807313259
2018-06-26,4.185403293169068
2018-06-27,4.185859671057874
2018-06-28,4.186619838331271
2018-06-29,4.186619838331271
2018-06-30,4.186619838331271
2018-07-01,4.177152673409416
2018-07-02,4.175770927584296
2018-07-03,4.172076910762453
2018-07-04,4.159351723530711
2018-07-05,4.157788734778635
2018-07-06,4.157788734778635
2018-07-07,4.157788734778635
2018-07-08,4.161535811762424
2018-07-09,4.161224091061645
2018-07-10,4.161379963558259
2018-07-11,4.163559631243574
2018-07-12,4.162003210695915
2018-07-13,4.162003210695915
2018-07-14,4.162003210695915
2018-07-15,4.1661999993225285
2018-07-16,4.165424143903053
2018-07-17,4.16883341421284
2018-07-18,4.173001695045377
2018-07-19,4.1726935286330775
2018-07-20,4.1726935286330775
2018-07-21,4.1726935286330775
2018-07-22,4.177459468932607
2018-07-23,4.178072777752813
2018-07-24,4.177152673409416
2018-07-25,4.176692303570854
2018-07-26,4.179298268102264
2018-07-27,4.179298268102264
2018-07-28,4.179298268102264
2018-07-29,4.178379291165174
2018-07-30,4.179757440070231
2018-07-31,4.21419952403038
2018-08-01,4.212571943586751
2018-08-02,4.227563406008323
2018-08-03,4.227563406008323
2018-08-04,4.227563406008323
2018-08-05,4.248923721667427
2018-08-06,4.260282639765531
2018-08-07,4.249637446628136
2018-08-08,4.2512058507423305
2018-08-09,4.246493239378686
2018-08-10,4.246493239378686
2018-08-11,4.246493239378686
2018-08-12,4.245204117951145
2018-08-13,4.231784971343338
2018-08-14,4.224056168743758
2018-08-15,4.22361689792624
2018-08-16,4.234251421632511
2018-08-17,4.234251421632511
2018-08-18,4.234251421632511
2018-08-19,4.235988789957173
2018-08-20,4.226541731833486
2018-08-21,4.224641563169959
2018-08-22,4.222884350827332
2018-08-23,4.222591181666628
2018-08-24,4.222591181666628
2018-08-25,4.222591181666628
2018-08-26,4.221711158142542
2018-08-27,4.221711158142542
2018-08-28,4.221711158142542
2018-08-29,4.221857882521061
2018-08-30,4.221857882521061
2018-08-31,4.221857882521061
2018-09-01,4.221857882521061
2018-09-02,4.207226719278773
2018-09-03,4.213755901102586
2018-09-04,4.2171519914836475
2018-09-05,4.238011912034514
2018-09-06,4.237289838207198
2018-09-07,4.237289838207198
2018-09-08,4.237289838207198
2018-09-09,4.23945449739721
2018-09-10,4.23091300500412
2018-09-11,4.234251421632511
2018-09-12,4.242189689486082
2018-09-13,4.244200317766478
2018-09-14,4.244200317766478
2018-09-15,4.244200317766478
2018-09-16,4.246636372564359
2018-09-17,4.246636372564359
2018-09-18,4.248352374701448
2018-09-19,4.246779485265856
2018-09-20,4.246922577489038
2018-09-21,4.246922577489038
2018-09-22,4.246922577489038
2018-09-23,4.246493239378686
2018-09-24,4.2414706271123945
2018-09-25,4.242908235180575
2018-09-26,4.243051882383293
2018-09-27,4.244630641232919
2018-09-28,4.244630641232919
2018-09-29,4.244630641232919
2018-09-30,4.241614480957137
2018-10-01,4.245060779600724
2018-10-02,4.24763773163523
2018-10-03,4.249922794040544
2018-10-04,4.249209272783016
2018-10-05,4.249209272783016
2018-10-06,4.249209272783016
2018-10-07,4.246063716857944
2018-10-08,4.259859000699674
2018-10-09,4.2710950739666
2018-10-10,4.267036570040212
2018-10-11,4.270536258640519
2018-10-12,4.270536258640519
2018-10-13,4.270536258640519
2018-10-14,4.273466561441981
2018-10-15,4.273745190588392
2018-10-16,4.295378827948209
2018-10-17,4.292512127466133
2018-10-18,4.2889514553941215
2018-10-19,4.2889514553941215
2018-10-20,4.2889514553941215
2018-10-21,4.295242504588991
2018-10-22,4.29510616264318
2018-10-23,4.301223221070275
2018-10-24,4.301223221070275
2018-10-25,4.3021714094244174
2018-10-26,4.3021714094244174
2018-10-27,4.3021714094244174
2018-10-28,4.302306791540646
2018-10-29,4.302712827954156
2018-10-30,4.301494223781961
2018-10-31,4.302577500800556
2018-11-01,4.300816579248338
2018-11-02,4.300816579248338
2018-11-03,4.300816579248338
2018-11-04,4.321081649046441
2018-11-05,4.318820558770089
2018-11-06,4.318287793706875
2018-11-07,4.33204826486764
2018-11-08,4.339119133662605
2018-11-09,4.339119133662605
2018-11-10,4.339119133662605
2018-11-11,4.331785418237135
2018-11-12,4.3247946887187485
2018-11-13,4.330601752681694
2018-11-14,4.3267781604434035
2018-11-15,4.328625857946767
2018-11-16,4.328625857946767
2018-11-17,4.328625857946767
2018-11-18,4.334541868102138
2018-11-19,4.322939892214555
2018-11-20,4.3222766302681075
2018-11-21,4.318421011584911
2018-11-22,4.308380094505583
2018-11-23,4.308380094505583
2018-11-24,4.308380094505583
2018-11-25,4.293878247897177
2018-11-26,4.292648823522665
2018-11-27,4.294560608892605
2018-11-28,4.294014757350668
2018-11-29,4.246922577489038
2018-11-30,4.246922577489038
2018-12-01,4.246922577489038
2018-12-02,4.197502654324727
2018-12-03,4.2168571366974925
2018-12-04,4.228000947034774
2018-12-05,4.203198967134183
2018-12-06,4.21390379727974
2018-12-07,4.21390379727974
2018-12-08,4.21390379727974
2018-12-09,4.212127597878484
2018-12-10,4.214051671586849
2018-12-11,4.215972050343799
2018-12-12,4.226687749209813
2018-12-13,4.243051882383293
2018-12-14,4.243051882383293
2018-12-15,4.243051882383293
2018-12-16,4.247923650150401
2018-12-17,4.243913332544247
2018-12-18,4.246493239378686
2018-12-19,4.251633170740286
2018-12-20,4.254193263163997
2018-12-21,4.254193263163997
2018-12-22,4.254193263163997
2018-12-23,4.251348311031766
2018-12-24,4.253411707829176
2018-12-25,4.255470855785784
2018-12-26,4.252487263318897
2018-12-27,4.251348311031766
2018-12-28,4.251348311031766
2018-12-29,4.251348311031766
2018-12-30,4.2783313983351166
2018-12-31,4.277707243524466
2019-01-01,4.277082698901271
2019-01-02,4.294151248171873
2019-01-03,4.303389189156809
2019-01-04,4.303389189156809
2019-01-05,4.303389189156809
2019-01-06,4.3217457037889515
2019-01-07,4.3247946887187485
2019-01-08,4.32041715304219
2019-01-09,4.318154558079471
2019-01-10,4.319752215189378
2019-01-11,4.319752215189378
2019-01-12,4.319752215189378
2019-01-13,4.324132656254979
2019-01-14,4.323470185213858
2019-01-15,4.324662317284311
2019-01-16,4.326117440234365
2019-01-17,4.332705079341171
2019-01-18,4.332705079341171
2019-01-19,4.332705079341171
2019-01-20,4.334017415487521
2019-01-21,4.325191697921343
2019-01-22,4.326117440234365
2019-01-23,4.327042326341122
2019-01-24,4.327042326341122
2019-01-25,4.327042326341122
2019-01-26,4.327042326341122
2019-01-27,4.337944122103693
2019-01-28,4.338597076746545
2019-01-29,4.33990170837321
2019-01-30,4.344194956364874
2019-01-31,4.476199804691132
2019-02-01,4.476199804691132
2019-02-02,4.476199804691132
2019-02-03,4.454114711068136
2019-02-04,4.49345619635809
2019-02-05,4.500920164614292
2019-02-06,4.5205922095127935
2019-02-07,4.5424433560797866
2019-02-08,4.5424433560797866
2019-02-09,4.5424433560797866
2019-02-10,4.510529781833971
2019-02-11,4.487624622133048
2019-02-12,4.481645699702594
2019-02-13,4.4880744141118445
2019-02-14,4.4898715616246285
2019-02-15,4.4898715616246285
2019-02-16,4.4898715616246285
2019-02-17,4.493232532747227
2019-02-18,4.4942386252808095
2019-02-19,4.49121730591206
2019-02-20,4.485485343042112
2019-02-21,4.486161399405889
2019-02-22,4.486161399405889
2019-02-23,4.486161399405889
2019-02-24,4.484131857611035
2019-02-25,4.481758841072857
2019-02-26,4.480853351480711
2019-02-27,4.4810798007570405
2019-02-28,4.464988155388229
2019-03-01,4.464988155388229
2019-03-02,4.464988155388229
2019-03-03,4.458640393292194
2019-03-04,4.470495282661489
2019-03-05,4.460260014192283
2019-03-06,4.473351611367243
2019-03-07,4.452368595730128
2019-03-08,4.452368595730128
2019-03-09,4.452368595730128
2019-03-10,4.439115601658009
2019-03-11,4.457134107160687
2019-03-12,4.451319461169831
2019-03-13,4.4665975361241514
2019-03-14,4.4695795316817435
2019-03-15,4.4695795316817435
2019-03-16,4.4695795316817435
2019-03-17,4.473351611367243
2019-03-18,4.469808548057415
2019-03-19,4.455625548708074
2019-03-20,4.457134107160687
2019-03-21,4.462684537691336
2019-03-22,4.462684537691336
2019-03-23,4.462684537691336
2019-03-24,4.46118433545971
2019-03-25,4.462569217389069
2019-03-26,4.461992416311763
2019-03-27,4.4618770161616155
2019-03-28,4.462453883786496
2019-03-29,4.462453883786496
2019-03-30,4.462453883786496
2019-03-31,4.483002552013883
2019-04-01,4.505681287487349
2019-04-02,4.536355869987732
2019-04-03,4.541484634301958
2019-04-04,4.535498512738772
2019-04-05,4.535498512738772
2019-04-06,4.535498512738772
2019-04-07,4.556609995372715
2019-04-08,4.542230386214217
2019-04-09,4.5427627258594745
2019-04-10,4.55597994179732
2019-04-11,4.560800238252151
2019-04-12,4.560800238252151
2019-04-13,4.560800238252151
2019-04-14,4.560695695886262
2019-04-15,4.55166391846495
2019-04-16,4.541804310366271
2019-04-17,4.538496052720099
2019-04-18,4.539991459963097
2019-04-19,4.539991459963097
2019-04-20,4.539991459963097
2019-04-21,4.541484634301958
2019-04-22,4.546375139477586
2019-04-23,4.54318839363221
2019-04-24,4.542336876816522
2019-04-25,4.544995462952021
2019-04-26,4.544995462952021
2019-04-27,4.544995462952021
2019-04-28,4.544676805559129
2019-04-29,4.545844719903276
2019-04-30,4.55166391846495
2019-05-01,4.552296696381023
2019-05-02,4.5560849782976
2019-05-03,4.5560849782976
2019-05-04,4.5560849782976
2019-05-05,4.547223226033242
2019-05-06,4.562053894914463
2019-05-07,4.554928969551344
2019-05-08,4.555349491004136
2019-05-09,4.566741159368309
2019-05-10,4.566741159368309
2019-05-11,4.566741159368309
2019-05-12,4.558602550171757
2019-05-13,4.548388171889107
2019-05-14,4.560591142590124
2019-05-15,4.575947327311188
2019-05-16,4.592287560157078
2019-05-17,4.592287560157078
2019-05-18,4.592287560157078
2019-05-19,4.593198814206872
2019-05-20,4.5940081212819
2019-05-21,4.600860914399993
2019-05-22,4.602165676967792
2019-05-23,4.601162164590552
2019-05-24,4.601162164590552
2019-05-25,4.601162164590552
2019-05-26,4.61015772749913
2019-05-27,4.609261803891345
2019-05-28,4.605570106009418
2019-05-29,4.605170185988092
2019-05-30,4.602767301371781
2019-05-31,4.602767301371781
2019-06-01,4.602767301371781
2019-06-02,4.57974980864118
2019-06-03,4.5977426701592945
2019-06-04,4.597238815661811
2019-06-05,4.590056548178043
2019-06-06,4.589751933259711
2019-06-07,4.589751933259711
2019-06-08,4.589751933259711
2019-06-09,4.608564419056107
2019-06-10,4.651862913980073
2019-06-11,4.6491870714048655
2019-06-12,4.677397819984972
2019-06-13,4.668895876868636
2019-06-14,4.668895876868636
2019-06-15,4.668895876868636
2019-06-16,4.662967284714308
2019-06-17,4.680926798387338
2019-06-18,4.690613667805559
2019-06-19,4.702750514326955
2019-06-20,4.705015520957808
2019-06-21,4.705015520957808
2019-06-22,4.705015520957808
2019-06-23,4.7026598072653485
2019-06-24,4.698022803002708
2019-06-25,4.70093480797247
2019-06-26,4.701116527035301
2019-06-27,4.70211539204457
2019-06-28,4.70211539204457
2019-06-29,4.70211539204457
2019-06-30,4.788990618905782
2019-07-01,4.819878258481199
2019-07-02,4.830790667177194
2019-07-03,4.804594650681708
2019-07-04,4.760291822855391
2019-07-05,4.760291822855391
2019-07-06,4.760291822855391
2019-07-07,4.781892764381564
2019-07-08,4.806395273201279
2019-07-09,4.798926120407709
2019-07-10,4.795046467186156
2019-07-11,4.794798317964484
2019-07-12,4.794798317964484
2019-07-13,4.794798317964484
2019-07-14,4.807539438085824
2019-07-15,4.806313497022634
2019-07-16,4.8059863254182105
2019-07-17,4.800243426707209
2019-07-18,4.802954902835411
2019-07-19,4.802954902835411
2019-07-20,4.802954902835411
2019-07-21,4.798431682820381
2019-07-22,4.793556647344296
2019-07-23,4.79231343306126
2019-07-24,4.793142414290861
2019-07-25,4.797111986159036
2019-07-26,4.797111986159036
2019-07-27,4.797111986159036
2019-07-28,4.794301834710595
2019-07-29,4.7966992235329595
2019-07-30,4.795955821194175
2019-07-31,4.735935255867644
2019-08-01,4.6828716936519434
2019-08-02,4.6828716936519434
2019-08-03,4.6828716936519434
2019-08-04,4.623010104116422
2019-08-05,4.597138014290827
2019-08-06,4.559858963278089
2019-08-07,4.573576314396913
2019-08-08,4.557554332046428
2019-08-09,4.557554332046428
2019-08-10,4.557554332046428
2019-08-11,4.559335649644292
2019-08-12,4.544464310870697
2019-08-13,4.554087395758775
2019-08-14,4.5388166854380705
2019-08-15,4.54159120434522
2019-08-16,4.54159120434522
2019-08-17,4.54159120434522
2019-08-18,4.541484634301958
2019-08-19,4.53753353727228
2019-08-20,4.515573652176335
2019-08-21,4.524610678129674
2019-08-22,4.532169293103601
2019-08-23,4.532169293103601
2019-08-24,4.532169293103601
2019-08-25,4.525910505002459
2019-08-26,4.523634698005573
2019-08-27,4.519721224155608
2019-08-28,4.519503359231
2019-08-29,4.517649588458596
2019-08-30,4.517649588458596
2019-08-31,4.517649588458596
2019-09-01,4.515792374836875
2019-09-02,4.502915951949335
2019-09-03,4.526884267589547
2019-09-04,4.515683019486556
2019-09-05,4.50501830403765
2019-09-06,4.50501830403765
2019-09-07,4.50501830403765
2019-09-08,4.532707014254376
2019-09-09,4.528505101052606
2019-09-10,4.5424433560797866
2019-09-11,4.570992734186505
2019-09-12,4.5802625502819065
2019-09-13,4.5802625502819065
2019-09-14,4.5802625502819065
2019-09-15,4.5685062016165
2019-09-16,4.559858963278089
2019-09-17,4.553350437258295
2019-09-18,4.541804310366271
2019-09-19,4.542230386214217
2019-09-20,4.542230386214217
2019-09-21,4.542230386214217
2019-09-22,4.547541073151455
2019-09-23,4.541910846348901
2019-09-24,4.535927283245931
2019-09-25,4.540311613639595
2019-09-26,4.541484634301958
2019-09-27,4.541484634301958
2019-09-28,4.541484634301958
2019-09-29,4.542336876816522
2019-09-30,4.535176814167556
2019-10-01,4.535391291380175
2019-10-02,4.5331369830882595
2019-10-03,4.532384416262439
2019-10-04,4.532384416262439
2019-10-05,4.532384416262439
2019-10-06,4.535284058523925
2019-10-07,4.546587228555794
2019-10-08,4.5172129072289495
2019-10-09,4.540098189244376
2019-10-10,4.538175317163813
2019-10-11,4.538175317163813
2019-10-12,4.538175317163813
2019-10-13,4.527100530566169
2019-10-14,4.534640419797564
2019-10-15,4.509319860331257
2019-10-16,4.5090997172373575
2019-10-17,4.504576070752389
2019-10-18,4.504576070752389
2019-10-19,4.504576070752389
2019-10-20,4.501807672992938
2019-10-21,4.504576070752389
2019-10-22,4.506454213048934
2019-10-23,4.507667604626853
2019-10-24,4.507116245512703
2019-10-25,4.507116245512703
2019-10-26,4.507116245512703
2019-10-27,4.50700593720086
2019-10-28,4.506895616719751
2019-10-29,4.506233438128068
2019-10-30,4.506012614454873
2019-10-31,4.44500143383527
2019-11-01,4.44500143383527
2019-11-02,4.44500143383527
2019-11-03,4.4272389774954295
2019-11-04,4.4272389774954295
2019-11-05,4.4297447958819784
2019-11-06,4.422448549172797
2019-11-07,4.395436321583799
2019-11-08,4.395436321583799
2019-11-09,4.395436321583799
2019-11-10,4.386765389021055
2019-11-11,4.407816206360175
2019-11-12,4.408425108528412
2019-11-13,4.430102257905445
2019-11-14,4.435211888177536
2019-11-15,4.435211888177536
2019-11-16,4.435211888177536
2019-11-17,4.436869870556391
2019-11-18,4.441002839774179
2019-11-19,4.442533602510535
2019-11-20,4.445705411337064
2019-11-21,4.4487502667167895
2019-11-22,4.4487502667167895
2019-11-23,4.4487502667167895
2019-11-24,4.457134107160687
2019-11-25,4.454696072633257
2019-11-26,4.45143608604605
2019-11-27,4.45166929500233
2019-11-28,4.470495282661489
2019-11-29,4.470495282661489
2019-11-30,4.470495282661489
2019-12-01,4.48897339158558
2019-12-02,4.4835673642288425
2019-12-03,4.492337377713747
2019-12-04,4.491441420659749
2019-12-05,4.494797128506721
2019-12-06,4.494797128506721
2019-12-07,4.494797128506721
2019-12-08,4.534640419797564
2019-12-09,4.533244446416503
2019-12-10,4.542869159790712
2019-12-11,4.54052499249456
2019-12-12,4.543720223671869
2019-12-13,4.543720223671869
2019-12-14,4.543720223671869
2019-12-15,4.5388166854380705
2019-12-16,4.536891345234797
2019-12-17,4.533888983983128
2019-12-18,4.534962290944595
2019-12-19,4.528073135603124
2019-12-20,4.528073135603124
2019-12-21,4.528073135603124
2019-12-22,4.527424837363238
2019-12-23,4.528073135603124
2019-12-24,4.528073135603124
2019-12-25,4.52720864451838
2019-12-26,4.5263434054421205
2019-12-27,4.5263434054421205
2019-12-28,4.5263434054421205
2019-12-29,4.526884267589547
2019-12-30,4.527532916260939
2019-12-31,4.533029508210409
2020-01-01,4.538496052720099
2020-01-02,4.547117254539474
2020-01-03,4.547117254539474
2020-01-04,4.547117254539474
2020-01-05,4.551980357473973
2020-01-06,4.550714000192032
2020-01-07,4.560486578361451
2020-01-08,4.547117254539474
2020-01-09,4.546056921495585
2020-01-10,4.546056921495585
2020-01-11,4.546056921495585
2020-01-12,4.554297855614335
2020-01-13,4.566741159368309
2020-01-14,4.5621582953948
2020-01-15,4.560904769690076
2020-01-16,4.564348191467836
2020-01-17,4.564348191467836
2020-01-18,4.564348191467836
2020-01-19,4.564764771353053
2020-01-20,4.564139836430099
2020-01-21,4.562367063662782
2020-01-22,4.552823705615882
2020-01-23,4.557764063590821
2020-01-24,4.557764063590821
2020-01-25,4.557764063590821
2020-01-26,4.549657476057832
2020-01-27,4.530985287798715
2020-01-28,4.539244035871924
2020-01-29,4.539137215383653
2020-01-30,4.537319519079917
2020-01-31,4.537319519079917
2020-02-01,4.537319519079917
2020-02-02,4.377265317572172
2020-02-03,4.415582293202092
2020-02-04,4.390862483336281
2020-02-05,4.405010471064257
2020-02-06,4.414251781968619
2020-02-07,4.414251781968619
2020-02-08,4.414251781968619
2020-02-09,4.409520198982804
2020-02-10,4.443004135397701
2020-02-11,4.460837815098172
2020-02-12,4.463491407656154
2020-02-13,4.463145685958674
2020-02-14,4.463145685958674
2020-02-15,4.463145685958674
2020-02-16,4.474149923549687
2020-02-17,4.471410195808567
2020-02-18,4.471524501118173
2020-02-19,4.479493577900089
2020-02-20,4.481419378551917
2020-02-21,4.481419378551917
2020-02-22,4.481419378551917
2020-02-23,4.479947041234014
2020-02-24,4.479380179929792
2020-02-25,4.4738078677912645
2020-02-26,4.470037511996595
2020-02-27,4.471181545984774
2020-02-28,4.471181545984774
2020-02-29,4.471181545984774
2020-03-01,4.478812997111569
2020-03-02,4.480740107609915
2020-03-03,4.507888063181538
2020-03-04,4.516011049668273
2020-03-05,4.5005871457956514
2020-03-06,4.5005871457956514
2020-03-07,4.5005871457956514
2020-03-08,4.481306198765705
2020-03-09,4.513164540192067
2020-03-10,4.501474949649326
2020-03-11,4.50225113198025
2020-03-12,4.5134933974161875
2020-03-13,4.5134933974161875
2020-03-14,4.5134933974161875
2020-03-15,4.509870006133767
2020-03-16,4.511408806173617
2020-03-17,4.515245478460105
2020-03-18,4.507888063181538
2020-03-19,4.501142115564043
2020-03-20,4.501142115564043
2020-03-21,4.501142115564043
2020-03-22,4.464642950851115
2020-03-23,4.487062097507763
2020-03-24,4.495913200051142
2020-03-25,4.492337377713747
2020-03-26,4.491889499529125
2020-03-27,4.491889499529125
2020-03-28,4.491889499529125
2020-03-29,4.490993140925692
2020-03-30,4.488861063587708
2020-03-31,4.401584133889412
2020-04-01,4.417273114860951
2020-04-02,4.421247347827163
2020-04-03,4.421247347827163
2020-04-04,4.421247347827163
2020-04-05,4.424247650107844
2020-04-06,4.414856779264584
2020-04-07,4.430697744137536
2020-04-08,4.438170645291922
2020-04-09,4.441591872011272
2020-04-10,4.441591872011272
2020-04-11,4.441591872011272
2020-04-12,4.44500143383527
2020-04-13,4.453067407778134
2020-04-14,4.448984102798763
2020-04-15,4.4467604492404496
2020-04-16,4.44886719159269
2020-04-17,4.44886719159269
2020-04-18,4.44886719159269
2020-04-19,4.453067407778134
2020-04-20,4.439469730210373
2020-04-21,4.44640889360315
2020-04-22,4.439469730210373
2020-04-23,4.4388794462666645
2020-04-24,4.4388794462666645
2020-04-25,4.4388794462666645
2020-04-26,4.439351701293151
2020-04-27,4.437461341561982
2020-04-28,4.43970574626056
2020-04-29,4.440767129696482
2020-04-30,4.424247650107844
2020-05-01,4.424247650107844
2020-05-02,4.424247650107844
2020-05-03,4.419322419417578
2020-05-04,4.429983118094737
2020-05-05,4.432957363342425
2020-05-06,4.451202822690664
2020-05-07,4.479380179929792
2020-05-08,4.479380179929792
2020-05-09,4.479380179929792
2020-05-10,4.478245492414424
2020-05-11,4.4933443708058345
2020-05-12,4.501253072568319
2020-05-13,4.50225113198025
2020-05-14,4.518086079080978
2020-05-15,4.518086079080978
2020-05-16,4.518086079080978
2020-05-17,4.531523645819793
2020-05-18,4.537854478703224
2020-05-19,4.537854478703224
2020-05-20,4.5345331063886505
2020-05-21,4.539671203755396
2020-05-22,4.539671203755396
2020-05-23,4.539671203755396
2020-05-24,4.537051931911801
2020-05-25,4.534425781462334
2020-05-26,4.533996366533566
2020-05-27,4.535176814167556
2020-05-28,4.53838915229774
2020-05-29,4.53838915229774
2020-05-30,4.53838915229774
2020-05-31,4.612046489927524
2020-06-01,4.620551288026394
2020-06-02,4.623697490601975
2020-06-03,4.600760477499391
2020-06-04,4.61719756620081
2020-06-05,4.61719756620081
2020-06-06,4.61719756620081
2020-06-07,4.654436427291009
2020-06-08,4.6480380862152675
2020-06-09,4.646216155424092
2020-06-10,4.642562305205154
2020-06-11,4.656338472562491
2020-06-12,4.656338472562491
2020-06-13,4.656338472562491
2020-06-14,4.646983688801502
2020-06-15,4.653960350157523
2020-06-16,4.647654797594247
2020-06-17,4.644294740672142
2020-06-18,4.645351975620923
2020-06-19,4.645351975620923
2020-06-20,4.645351975620923
2020-06-21,4.639088404191552
2020-06-22,4.639185064575369
2020-06-23,4.645640118541804
2020-06-24,4.644871552839644
2020-06-25,4.64477544058045
2020-06-26,4.64477544058045
2020-06-27,4.64477544058045
2020-06-28,4.645448032486661
2020-06-29,4.643910014304022
2020-06-30,4.598145571051127
2020-07-01,4.603568904621118
2020-07-02,4.612443669954589
2020-07-03,4.612443669954589
2020-07-04,4.612443669954589
2020-07-05,4.622223940553919
2020-07-06,4.6368626327205815
2020-07-07,4.662022997580874
2020-07-08,4.665888921022797
2020-07-09,4.664193526437552
2020-07-10,4.664193526437552
2020-07-11,4.664193526437552
2020-07-12,4.696472344394877
2020-07-13,4.70247836845509
2020-07-14,4.7014798661255
2020-07-15,4.692814695840138
2020-07-16,4.69125613490122
2020-07-17,4.69125613490122
2020-07-18,4.69125613490122
2020-07-19,4.688223741123377
2020-07-20,4.695467823968872
2020-07-21,4.693638833975699
2020-07-22,4.694370831446394
2020-07-23,4.689327493994814
2020-07-24,4.689327493994814
2020-07-25,4.689327493994814
2020-07-26,4.685828089005546
2020-07-27,4.68831576707476
2020-07-28,4.68978703170797
2020-07-29,4.691806492647638
2020-07-30,4.700207601322843
2020-07-31,4.700207601322843
2020-08-01,4.700207601322843
2020-08-02,4.743104372077405
2020-08-03,4.756688833627001
2020-08-04,4.762173934797756
2020-08-05,4.786741461391342
2020-08-06,4.778198695870453
2020-08-07,4.778198695870453
2020-08-08,4.778198695870453
2020-08-09,4.7789554117597595
2020-08-10,4.79081953287472
2020-08-11,4.800654729308327
2020-08-12,4.7969469015528015
2020-08-13,4.797689567758492
2020-08-14,4.797689567758492
2020-08-15,4.797689567758492
2020-08-16,4.8027907800712155
2020-08-17,4.822134686225586
2020-08-18,4.828073708497692
2020-08-19,4.828553708506909
2020-08-20,4.82374330878754
2020-08-21,4.82374330878754
2020-08-22,4.82374330878754
2020-08-23,4.818909657227008
2020-08-24,4.814620410170298
2020-08-25,4.816564990267753
2020-08-26,4.815674193755838
2020-08-27,4.8160791996339585
2020-08-28,4.8160791996339585
2020-08-29,4.8160791996339585
2020-08-30,4.816484041548723
2020-08-31,4.824787527525743
2020-09-01,4.844108343200942
2020-09-02,4.863140194454346
2020-09-03,4.855228269843183
2020-09-04,4.855228269843183
2020-09-05,4.855228269843183
2020-09-06,4.8588041443003
2020-09-07,4.858105522110037
2020-09-08,4.843793308150688
2020-09-09,4.843556966714995
2020-09-10,4.856317933711899
2020-09-11,4.856317933711899
2020-09-12,4.856317933711899
2020-09-13,4.868687631440574
2020-09-14,4.859734881977045
2020-09-15,4.842768758271886
2020-09-16,4.837471675087067
2020-09-17,4.847488716688342
2020-09-18,4.847488716688342
2020-09-19,4.847488716688342
2020-09-20,4.832066686171609
2020-09-21,4.8283137373023015
2020-09-22,4.819958932919548
2020-09-23,4.82261754475742
2020-09-24,4.823662939086874
2020-09-25,4.823662939086874
2020-09-26,4.823662939086874
2020-09-27,4.825108606353353
2020-09-28,4.826231571097977
2020-09-29,4.828153724500936
2020-09-30,4.807049241997577
2020-10-01,4.798349252782828
2020-10-02,4.798349252782828
2020-10-03,4.798349252782828
2020-10-04,4.801394647951038
2020-10-05,4.809823847988456
2020-10-06,4.8084375072975085
2020-10-07,4.813159489530624
2020-10-08,4.834375328680896
2020-10-09,4.834375328680896
2020-10-10,4.834375328680896
2020-10-11,4.82116826914143
2020-10-12,4.80582269946677
2020-10-13,4.797689567758492
2020-10-14,4.79305954708551
2020-10-15,4.798843731118271
2020-10-16,4.798843731118271
2020-10-17,4.798843731118271
2020-10-18,4.801805477421505
2020-10-19,4.802462453711867
2020-10-20,4.804266916143749
2020-10-21,4.8049222778449305
2020-10-22,4.796616650559047
2020-10-23,4.796616650559047
2020-10-24,4.796616650559047
2020-10-25,4.7942190635314725
2020-10-26,4.7962862904635415
2020-10-27,4.796616650559047
2020-10-28,4.795377237056036
2020-10-29,4.797359561980396
2020-10-30,4.797359561980396
2020-10-31,4.797359561980396
2020-11-01,4.7763465316770475
2020-11-02,4.76490524410925
2020-11-03,4.767714115173372
2020-11-04,4.768054048889571
2020-11-05,4.775081722705364
2020-11-06,4.775081722705364
2020-11-07,4.775081722705364
2020-11-08,4.797937000643585
2020-11-09,4.8026266303663165
2020-11-10,4.817131447899731
2020-11-11,4.8077844460498085
2020-11-12,4.803118998667745
2020-11-13,4.803118998667745
2020-11-14,4.803118998667745
2020-11-15,4.807457755422924
2020-11-16,4.818505796311215
2020-11-17,4.823100170249414
2020-11-18,4.828873580560815
2020-11-19,4.829672813339932
2020-11-20,4.829672813339932
2020-11-21,4.829672813339932
2020-11-22,4.824867806898001
2020-11-23,4.827673532414877
2020-11-24,4.829513017877783
2020-11-25,4.830950258623431
2020-11-26,4.83150862819882
2020-11-27,4.83150862819882
2020-11-28,4.83150862819882
2020-11-29,4.833261477026235
2020-11-30,4.879767018891217
2020-12-01,4.90779013080408
2020-12-02,4.917276542350397
2020-12-03,4.964381909578794
2020-12-04,4.964381909578794
2020-12-05,4.964381909578794
2020-12-06,4.98763957430194
2020-12-07,4.993353486861729
2020-12-08,5.002871903478422
2020-12-09,5.038704314023848
2020-12-10,5.051009188234529
2020-12-11,5.051009188234529
2020-12-12,5.051009188234529
2020-12-13,5.025852259901116
2020-12-14,5.032657678130748
2020-12-15,5.0362380614757605
2020-12-16,5.041617031704984
2020-12-17,5.0539501787822
2020-12-18,5.0539501787822
2020-12-19,5.0539501787822
2020-12-20,5.082335608261447
2020-12-21,5.060757903499466
2020-12-22,5.058218380834414
2020-12-23,5.061011501421323
2020-12-24,5.060948107969845
2020-12-25,5.060948107969845
2020-12-26,5.060948107969845
2020-12-27,5.060884710499383
2020-12-28,5.056755229709809
2020-12-29,5.0566915658549405
2020-12-30,5.055226177424131
2020-12-31,5.079819258434917
2021-01-01,5.079819258434917
2021-01-02,5.079819258434917
2021-01-03,5.103822008822373
2021-01-04,5.118233304694274
2021-01-05,5.124796965707151
2021-01-06,5.1404347316311005
2021-01-07,5.140844507723473
2021-01-08,5.140844507723473
2021-01-09,5.140844507723473
2021-01-10,5.136621627547738
2021-01-11,5.138089927227147
2021-01-12,5.13420893917344
2021-01-13,5.142306624543879
2021-01-14,5.1425403649761945
2021-01-15,5.1425403649761945
2021-01-16,5.1425403649761945
2021-01-17,5.149004963361028
2021-01-18,5.14049328135447
2021-01-19,5.138500665094152
2021-01-20,5.140668909958967
2021-01-21,5.137796439712935
2021-01-22,5.137796439712935
2021-01-23,5.137796439712935
2021-01-24,5.137855144106975
2021-01-25,5.13367854460639
2021-01-26,5.136562850694046
2021-01-27,5.1322037485982905
2021-01-28,5.13066764998595
2021-01-29,5.13066764998595
2021-01-30,5.13066764998595
2021-01-31,5.047545648116353
2021-02-01,5.004415994282339
2021-02-02,5.0204536030335944
2021-02-03,5.05465217951303
2021-02-04,5.041746289121308
2021-02-05,5.041746289121308
2021-02-06,5.041746289121308
2021-02-07,5.058663263106837
2021-02-08,5.0755487449389
2021-02-09,5.087781503272909
2021-02-10,5.088398482561978
2021-02-11,5.086484606379694
2021-02-12,5.086484606379694
2021-02-13,5.086484606379694
2021-02-14,5.088953438642199
2021-02-15,5.098585119494288
2021-02-16,5.099927401575018
2021-02-17,5.110480629065972
2021-02-18,5.1116865381659835
2021-02-19,5.1116865381659835
2021-02-20,5.1116865381659835
2021-02-21,5.117215066158812
2021-02-22,5.113793386198882
2021-02-23,5.113432527350917
2021-02-24,5.114394528387108
2021-02-25,5.115655751940977
2021-02-26,5.115655751940977
2021-02-27,5.115655751940977
2021-02-28,5.151845462647779
2021-03-01,5.158940350079394
2021-03-02,5.164100024428229
2021-03-03,5.173150890255142
2021-03-04,5.15652336093015
2021-03-05,5.15652336093015
2021-03-06,5.15652336093015
2021-03-07,5.158135335948174
2021-03-08,5.118353029327761
2021-03-09,5.117874044765855
2021-03-10,5.141020074658817
2021-03-11,5.124440056536745
2021-03-12,5.124440056536745
2021-03-13,5.124440056536745
2021-03-14,5.119728833343189
2021-03-15,5.1253915313944445
2021-03-16,5.126579603293727
2021-03-17,5.128892291489103
2021-03-18,5.115475674507194
2021-03-19,5.115475674507194
2021-03-20,5.115475674507194
2021-03-21,5.109756384964063
2021-03-22,5.114154114874711
2021-03-23,5.118891612866108
2021-03-24,5.116915386813465
2021-03-25,5.11871211724831
2021-03-26,5.11871211724831
2021-03-27,5.11871211724831
2021-03-28,5.1222362973435365
2021-03-29,5.123130298654681
2021-03-30,5.123368564083496
2021-03-31,5.1033967741775665
2021-04-01,5.1113249181041835
2021-04-02,5.1113249181041835
2021-04-03,5.1113249181041835
2021-04-04,5.119190700650601
2021-04-05,5.1223555437066635
2021-04-06,5.136974216139274
2021-04-07,5.142306624543879
2021-04-08,5.141722034324962
2021-04-09,5.141722034324962
2021-04-10,5.141722034324962
2021-04-11,5.147901370765066
2021-04-12,5.147610749123333
2021-04-13,5.1499333607817785
2021-04-14,5.164843115148066
2021-04-15,5.165414347883809
2021-04-16,5.165414347883809
2021-04-17,5.165414347883809
2021-04-18,5.176827468960327
2021-04-19,5.191956350556627
2021-04-20,5.190899179780744
2021-04-21,5.187385805840755
2021-04-22,5.190398024328542
2021-04-23,5.190398024328542
2021-04-24,5.190398024328542
2021-04-25,5.195952359870009
2021-04-26,5.199435816987919
2021-04-27,5.197336136693923
2021-04-28,5.1972808223702645
2021-04-29,5.196450740144466
2021-04-30,5.196450740144466
2021-05-01,5.196450740144466
2021-05-02,5.241429504340989
2021-05-03,5.251382979358823
2021-05-04,5.2560881323303
2021-05-05,5.29224899114643
2021-05-06,5.334070536253854
2021-05-07,5.334070536253854
2021-05-08,5.334070536253854
2021-05-09,5.401415324551604
2021-05-10,5.39725731440294
2021-05-11,5.415833699975876
2021-05-12,5.372496764722288
2021-05-13,5.345153241385068
2021-05-14,5.345153241385068
2021-05-15,5.345153241385068
2021-05-16,5.358659595554198
2021-05-17,5.377313372774535
2021-05-18,5.362183786876451
2021-05-19,5.3526161399554155
2021-05-20,5.3415205238486845
2021-05-21,5.3415205238486845
2021-05-22,5.3415205238486845
2021-05-23,5.329331420077207
2021-05-24,5.325835252584776
2021-05-25,5.316746502016404
2021-05-26,5.328555549608646
2021-05-27,5.327827623921977
2021-05-28,5.327827623921977
2021-05-29,5.327827623921977
2021-05-30,5.331220086223745
2021-05-31,5.326613235702884
2021-06-01,5.327390614033744
2021-06-02,5.340322660693067
2021-06-03,5.330881357421299
2021-06-04,5.330881357421299
2021-06-05,5.330881357421299
2021-06-06,5.310097705083568
2021-06-07,5.339651230041014
2021-06-08,5.353231597425428
2021-06-09,5.365087770181889
2021-06-10,5.372357479256501
2021-06-11,5.372357479256501
2021-06-12,5.372357479256501
2021-06-13,5.378883014387604
2021-06-14,5.3767587928545995
2021-06-15,5.367936708428093
2021-06-16,5.371893054206356
2021-06-17,5.371010051941477
2021-06-18,5.371010051941477
2021-06-19,5.371010051941477
2021-06-20,5.35559521769951
2021-06-21,5.365789081663049
2021-06-22,5.370312393719185
2021-06-23,5.3677501412633735
2021-06-24,5.372775277466046
2021-06-25,5.372775277466046
2021-06-26,5.372775277466046
2021-06-27,5.37546357572469
2021-06-28,5.372775277466046
2021-06-29,5.373192901193144
2021-06-30,5.367050204229129
2021-07-01,5.361573816183052
2021-07-02,5.361573816183052
2021-07-03,5.361573816183052
2021-07-04,5.384770254278235
2021-07-05,5.384861967948223
2021-07-06,5.387426541619813
2021-07-07,5.377082335183691
2021-07-08,5.371010051941477
2021-07-09,5.371010051941477
2021-07-10,5.371010051941477
2021-07-11,5.381094793005605
2021-07-12,5.387152080248527
2021-07-13,5.3841739103077195
2021-07-14,5.391215548914767
2021-07-15,5.39666837289499
2021-07-16,5.39666837289499
2021-07-17,5.39666837289499
2021-07-18,5.395580184168247
2021-07-19,5.394490809996694
2021-07-20,5.386648705338001
2021-07-21,5.370219335837115
2021-07-22,5.365789081663049
2021-07-23,5.365789081663049
2021-07-24,5.365789081663049
2021-07-25,5.367843429196647
2021-07-26,5.366349776939864
2021-07-27,5.368496201169283
2021-07-28,5.36667670406138
2021-07-29,5.361245216250509
2021-07-30,5.361245216250509
2021-07-31,5.361245216250509
2021-08-01,5.205434239067981
2021-08-02,5.212051166390628
2021-08-03,5.211178708731273
2021-08-04,5.162669449951753
2021-08-05,5.155312672131032
2021-08-06,5.155312672131032
2021-08-07,5.155312672131032
2021-08-08,5.119190700650601
2021-08-09,5.116615617633488
2021-08-10,5.133206846484437
2021-08-11,5.111746795464668
2021-08-12,5.113973766802443
2021-08-13,5.113973766802443
2021-08-14,5.113973766802443
2021-08-15,5.117814155560866
2021-08-16,5.110359958135453
2021-08-17,5.082955955675882
2021-08-18,5.030372559779288
2021-08-19,5.04542311958192
2021-08-20,5.04542311958192
2021-08-21,5.04542311958192
2021-08-22,5.044392390894389
2021-08-23,5.067582574538005
2021-08-24,5.071165793836288
2021-08-25,5.073797869053896
2021-08-26,5.078854533073399
2021-08-27,5.078854533073399
2021-08-28,5.078854533073399
2021-08-29,5.078667704488082
2021-08-30,5.076735095800779
2021-08-31,4.969743852720179
2021-09-01,4.95237038596428
2021-09-02,4.984085958862719
2021-09-03,4.984085958862719
2021-09-04,4.984085958862719
2021-09-05,4.906681196376314
2021-09-06,4.939855112035208
2021-09-07,4.910372872157861
2021-09-08,4.89836205161347
2021-09-09,4.888542986851774
2021-09-10,4.888542986851774
2021-09-11,4.888542986851774
2021-09-12,4.856473503096157
2021-09-13,4.850388291620612
2021-09-14,4.8242253913936946
2021-09-15,4.7835673858898895
2021-09-16,4.74970333672039
2021-09-17,4.74970333672039
2021-09-18,4.74970333672039
2021-09-19,4.73707525686803
2021-09-20,4.735671994052249
2021-09-21,4.775081722705364
2021-09-22,4.779963476361254
2021-09-23,4.782060352784839
2021-09-24,4.782060352784839
2021-09-25,4.782060352784839
2021-09-26,4.799502655448181
2021-09-27,4.788907406923208
2021-09-28,4.790570332391644
2021-09-29,4.792893792071041
2021-09-30,4.75763372911456
2021-10-01,4.75763372911456
2021-10-02,4.75763372911456
2021-10-03,4.778450998129897
2021-10-04,4.776683544065443
2021-10-05,4.778030458992533
2021-10-06,4.781222129768451
2021-10-07,4.8209265188682835
2021-10-08,4.8209265188682835
2021-10-09,4.8209265188682835
2021-10-10,4.888166296449158
2021-10-11,4.850310035174197
2021-10-12,4.816888719632834
2021-10-13,4.8283137373023015
2021-10-14,4.824626949444306
2021-10-15,4.824626949444306
2021-10-16,4.824626949444306
2021-10-17,4.825509809969567
2021-10-18,4.821893169499378
2021-10-19,4.8209265188682835
2021-10-20,4.805086051182997
2021-10-21,4.808274281964574
2021-10-22,4.808274281964574
2021-10-23,4.808274281964574
2021-10-24,4.812346943780222
2021-10-25,4.813403124566547
2021-10-26,4.810801285551003
2021-10-27,4.809416300197838
2021-10-28,4.805904515789171
2021-10-29,4.805904515789171
2021-10-30,4.805904515789171
2021-10-31,4.635699391022914
2021-11-01,4.575947327311188
2021-11-02,4.607267984070237
2021-11-03,4.576667825515379
2021-11-04,4.550925171135695
2021-11-05,4.550925171135695
2021-11-06,4.550925171135695
2021-11-07,4.550502784645783
2021-11-08,4.543294782270004
2021-11-09,4.51852237926242
2021-11-10,4.554718642491993
2021-11-11,4.533674184283021
2021-11-12,4.533674184283021
2021-11-13,4.533674184283021
2021-11-14,4.527857082885421
2021-11-15,4.5324919604901055
2021-11-16,4.530231099323598
2021-11-17,4.516994495084366
2021-11-18,4.53945764262271
2021-11-19,4.53945764262271
2021-11-20,4.53945764262271
2021-11-21,4.549340301027421
2021-11-22,4.561845061249718
2021-11-23,4.57532934397707
2021-11-24,4.570475216191205
2021-11-25,4.561113799791172
2021-11-26,4.561113799791172
2021-11-27,4.561113799791172
2021-11-28,4.56611745872439
2021-11-29,4.564035642629537
2021-11-30,4.646599995751231
2021-12-01,4.623304756183574
2021-12-02,4.622223940553919
2021-12-03,4.622223940553919
2021-12-04,4.622223940553919
2021-12-05,4.633660456387719
2021-12-06,4.689327493994814
2021-12-07,4.688959711717774
2021-12-08,4.667675391339489
2021-12-09,4.665041583025482
2021-12-10,4.665041583025482
2021-12-11,4.665041583025482
2021-12-12,4.699843799590773
2021-12-13,4.687303015526614
2021-12-14,4.689419418432991
2021-12-15,4.710520701595917
2021-12-16,4.725527682651825
2021-12-17,4.725527682651825
2021-12-18,4.725527682651825
2021-12-19,4.745192963907919
2021-12-20,4.74970333672039
2021-12-21,4.744845168060573
2021-12-22,4.743017252680216
2021-12-23,4.746843344304237
2021-12-24,4.746843344304237
2021-12-25,4.746843344304237
2021-12-26,4.739963282329623
2021-12-27,4.7336513476366315
2021-12-28,4.730921391293652
2021-12-29,4.733739286782799
2021-12-30,4.7318028369214575
2021-12-31,4.7318028369214575
2022-01-01,4.7318028369214575
2022-01-02,4.817778435386918
2022-01-03,4.812915795122205
2022-01-04,4.8299923276808565
2022-01-05,4.851874001711314
2022-01-06,4.849918661054685
2022-01-07,4.849918661054685
2022-01-08,4.849918661054685
2022-01-09,4.836678653633929
2022-01-10,4.856862320706717
2022-01-11,4.87351652213313
2022-01-12,4.858183170904579
2022-01-13,4.850466541943434
2022-01-14,4.850466541943434
2022-01-15,4.850466541943434
2022-01-16,4.841427376447684
2022-01-17,4.849527133701499
2022-01-18,4.860432367183761
2022-01-19,4.870146420904234
2022-01-20,4.8779416457041185
2022-01-21,4.8779416457041185
2022-01-22,4.8779416457041185
2022-01-23,4.869148531740637
2022-01-24,4.877408616946019
2022-01-25,4.879006851617819
2022-01-26,4.879006851617819
2022-01-27,4.885752111949565
2022-01-28,4.885752111949565
2022-01-29,4.885752111949565
2022-01-30,4.883937641050299
2022-01-31,4.932529598092634
2022-02-01,4.951734186176095
2022-02-02,4.981824212242136
2022-02-03,4.987366667156902
2022-02-04,4.987366667156902
2022-02-05,4.987366667156902
2022-02-06,5.006627272698717
2022-02-07,5.010168518506812
2022-02-08,4.995250892052509
2022-02-09,5.0307646653914215
2022-02-10,5.015622835607295
2022-02-11,5.015622835607295
2022-02-12,5.015622835607295
2022-02-13,5.0097015249361645
2022-02-14,4.963893031544124
2022-02-15,4.975215348864995
2022-02-16,4.95660140560377
2022-02-17,4.950956058594655
2022-02-18,4.950956058594655
2022-02-19,4.950956058594655
2022-02-20,4.9693965460796585
2022-02-21,4.964102579968039
2022-02-22,4.964032735372236
2022-02-23,4.964102579968039
2022-02-24,4.9597629637225
2022-02-25,4.9597629637225
2022-02-26,4.9597629637225
2022-02-27,4.962774697744756
2022-02-28,4.990228484318593
2022-03-01,4.993149979755236
2022-03-02,5.046195469494807
2022-03-03,5.0363030408448335
2022-03-04,5.0363030408448335
2022-03-05,5.0363030408448335
2022-03-06,5.08821342874163
2022-03-07,5.087472870820844
2022-03-08,5.074360984976801
2022-03-09,5.070851989584804
2022-03-10,5.04542311958192
2022-03-11,5.04542311958192
2022-03-12,5.04542311958192
2022-03-13,5.006961888729947
2022-03-14,4.971409247595418
2022-03-15,5.011035214117583
2022-03-16,5.008432870541055
2022-03-17,5.026180505431718
2022-03-18,5.026180505431718
2022-03-19,5.026180505431718
2022-03-20,5.018801856762649
2022-03-21,5.0071626046172835
2022-03-22,5.010101818490112
2022-03-23,5.010701958540799
2022-03-24,5.018405031360617
2022-03-25,5.018405031360617
2022-03-26,5.018405031360617
2022-03-27,5.01747849257825
2022-03-28,5.019330712463479
2022-03-29,5.023090735363602
2022-03-30,5.022827334861618
2022-03-31,5.0812801336655875
2022-04-01,5.0812801336655875
2022-04-02,5.0812801336655875
2022-04-03,5.093750200806762
2022-04-04,5.095405272138073
2022-04-05,5.081839053102588
2022-04-06,5.060313952326803
2022-04-07,5.0530560099802075
2022-04-08,5.0530560099802075
2022-04-09,5.0530560099802075
2022-04-10,5.038120751031117
2022-04-11,5.0551624161463335
2022-04-12,5.041617031704984
2022-04-13,5.050753040692145
2022-04-14,5.050881122664783
2022-04-15,5.050881122664783
2022-04-16,5.050881122664783
2022-04-17,5.051009188234529
2022-04-18,5.040129369323958
2022-04-19,5.040647068164227
2022-04-20,5.039222750948168
2022-04-21,5.0388339484549345
2022-04-22,5.0388339484549345
2022-04-23,5.0388339484549345
2022-04-24,5.0154901568224375
2022-04-25,5.019859288623787
2022-04-26,5.020717629437768
2022-04-27,5.021311434093491
2022-04-28,5.022366216971954
2022-04-29,5.022366216971954
2022-04-30,5.022366216971954
2022-05-01,4.998326517628658
2022-05-02,4.973694646283973
2022-05-03,4.9684234452869465
2022-05-04,4.9849755473156785
2022-05-05,4.937634401211765
2022-05-06,4.937634401211765
2022-05-07,4.937634401211765
2022-05-08,4.890273937425072
2022-05-09,4.877256270815316
2022-05-10,4.906755163608864
2022-05-11,4.876417951976448
2022-05-12,4.882271478895685
2022-05-13,4.882271478895685
2022-05-14,4.882271478895685
2022-05-15,4.894101477840304
2022-05-16,4.887186236813245
2022-05-17,4.87458644963298
2022-05-18,4.88302916949111
2022-05-19,4.907937895857914
2022-05-20,4.907937895857914
2022-05-21,4.907937895857914
2022-05-22,4.907420622615269
2022-05-23,4.898585790287632
2022-05-24,4.900373899838718
2022-05-25,4.89387673348606
2022-05-26,4.900894830083057
2022-05-27,4.900894830083057
2022-05-28,4.900894830083057
2022-05-29,4.902307417210627
2022-05-30,4.90163854572049
2022-05-31,4.915151765934639
2022-06-01,4.964242254526545
2022-06-02,4.979488565099419
2022-06-03,4.979488565099419
2022-06-04,4.979488565099419
2022-06-05,4.98524910770584
2022-06-06,4.989139233751369
2022-06-07,4.9896159268721805
2022-06-08,4.975491591960675
2022-06-09,4.965428701258176
2022-06-10,4.965428701258176
2022-06-11,4.965428701258176
2022-06-12,4.9454209891126535
2022-06-13,4.936342689514401
2022-06-14,4.916104810250022
2022-06-15,4.912948960138995
2022-06-16,4.885676574690777
2022-06-17,4.885676574690777
2022-06-18,4.885676574690777
2022-06-19,4.859812404361672
2022-06-20,4.866995843894645
2022-06-21,4.852186501713858
2022-06-22,4.86999296429379
2022-06-23,4.8639125145421644
2022-06-24,4.8639125145421644
2022-06-25,4.8639125145421644
2022-06-26,4.8727515867328695
2022-06-27,4.8773324467818355
2022-06-28,4.876036665511311
2022-06-29,4.875197323201151
2022-06-30,4.755570986655616
2022-07-01,4.755570986655616
2022-07-02,4.755570986655616
2022-07-03,4.708989514627088
2022-07-04,4.739875888840383
2022-07-05,4.730303916744857
2022-07-06,4.7464961220785264
2022-07-07,4.742842991113164
2022-07-08,4.742842991113164
2022-07-09,4.742842991113164
2022-07-10,4.724285666878253
2022-07-11,4.6930894840259745
2022-07-12,4.711869804647147
2022-07-13,4.663061664403869
2022-07-14,4.6450637496497675
2022-07-15,4.6450637496497675
2022-07-16,4.6450637496497675
2022-07-17,4.665888921022797
2022-07-18,4.645736147734753
2022-07-19,4.6549122778829055
2022-07-20,4.647846460268528
2022-07-21,4.658331734102323
2022-07-22,4.658331734102323
2022-07-23,4.658331734102323
2022-07-24,4.663533429285006
2022-07-25,4.67609452432479
2022-07-26,4.677211738853062
2022-07-27,4.6872108963243
2022-07-28,4.684166192214589
2022-07-29,4.684166192214589
2022-07-30,4.684166192214589
2022-07-31,4.752382565668478
2022-08-01,4.751346296145693
2022-08-02,4.7129477781615225
2022-08-03,4.677490847567717
2022-08-04,4.7014798661255
2022-08-05,4.7014798661255
2022-08-06,4.7014798661255
2022-08-07,4.718052343044764
2022-08-08,4.703022586155596
2022-08-09,4.702931903770587
2022-08-10,4.718588153023648
2022-08-11,4.708268143991659
2022-08-12,4.708268143991659
2022-08-13,4.708268143991659
2022-08-14,4.680184889793537
2022-08-15,4.678699419276207
2022-08-16,4.659563669818423
2022-08-17,4.660794089736088
2022-08-18,4.655958352820196
2022-08-19,4.655958352820196
2022-08-20,4.655958352820196
2022-08-21,4.657477965611436
2022-08-22,4.662684092188698
2022-08-23,4.664853188149265
2022-08-24,4.663061664403869
2022-08-25,4.667017589314171
2022-08-26,4.667017589314171
2022-08-27,4.667017589314171
2022-08-28,4.664570529269539
2022-08-29,4.658616161693717
2022-08-30,4.6611723761033765
2022-08-31,4.578723535973108
2022-09-01,4.567883601202075
2022-09-02,4.567883601202075
2022-09-03,4.567883601202075
2022-09-04,4.599856091164322
2022-09-05,4.591172676344238
2022-09-06,4.586802528629907
2022-09-07,4.616011209165967
2022-09-08,4.636959508477498
2022-09-09,4.636959508477498
2022-09-10,4.636959508477498
2022-09-11,4.630935393874117
2022-09-12,4.635990328327978
2022-09-13,4.62015731579634
2022-09-14,4.620846665373099
2022-09-15,4.605770006060059
2022-09-16,4.605770006060059
2022-09-17,4.605770006060059
2022-09-18,4.601463324056765
2022-09-19,4.598447640227264
2022-09-20,4.596129441335942
2022-09-21,4.604770105966751
2022-09-22,4.604269780744927
2022-09-23,4.604269780744927
2022-09-24,4.604269780744927
2022-09-25,4.599453878991982
2022-09-26,4.601262561157074
2022-09-27,4.597238815661811
2022-09-28,4.598648968997826
2022-09-29,4.598246270915268
2022-09-30,4.598246270915268
2022-10-01,4.598246270915268
2022-10-02,4.550714000192032
2022-10-03,4.564348191467836
2022-10-04,4.565909472034789
2022-10-05,4.571613402459248
2022-10-06,4.570371680445396
2022-10-07,4.570371680445396
2022-10-08,4.570371680445396
2022-10-09,4.595927604621159
2022-10-10,4.579544638349119
2022-10-11,4.575020209037208
2022-10-12,4.563305981889393
2022-10-13,4.572337028892851
2022-10-14,4.572337028892851
2022-10-15,4.572337028892851
2022-10-16,4.560172820057356
2022-10-17,4.564452352709533
2022-10-18,4.56320170116559
2022-10-19,4.553982149218658
2022-10-20,4.558602550171757
2022-10-21,4.558602550171757
2022-10-22,4.558602550171757
2022-10-23,4.558602550171757
2022-10-24,4.552612935249416
2022-10-25,4.548282323781043
2022-10-26,4.542123884270456
2022-10-27,4.538923540169165
2022-10-28,4.538923540169165
2022-10-29,4.538923540169165
2022-10-30,4.537212492804865
